<?xml version = '1.0' encoding = 'UTF-8'?>
<Entity class="oracle.dbtools.crest.model.design.logical.Entity" directorySegmentName="seg_0" id="004DEDD4-2585-2627-281E-01E50A96F279" name="CUSTOMER">
<createdBy>Farisha Jamal</createdBy>
<createdTime>2023-11-18 00:25:03 UTC</createdTime>
<ownerDesignName>mau_logical</ownerDesignName>
<engineerTo>
<item key="257019A9-1216-03C2-9C28-B6842B8F4B72" value="true"/>
</engineerTo>
<adequatelyNormalized>NO</adequatelyNormalized>
<expectedVolumes>0</expectedVolumes>
<fwdEngineeringStrategyName>Single Table</fwdEngineeringStrategyName>
<growthPercent>0</growthPercent>
<growthType>Year</growthType>
<maxVolumes>9999999</maxVolumes>
<minVolumes>0</minVolumes>
<normalForm>Third</normalForm>
<attributes itemClass="oracle.dbtools.crest.model.design.logical.Attribute">
<Attribute name="customer_id" id="B8DF710B-F7AE-6477-08FF-5DED819E51C0">
<createdBy>Farisha Jamal</createdBy>
<createdTime>2023-11-18 00:25:08 UTC</createdTime>
<commentInRDBMS><![CDATA[customer id]]></commentInRDBMS>
<ownerDesignName>mau_logical</ownerDesignName>
<engineerTo>
<item key="257019A9-1216-03C2-9C28-B6842B8F4B72" value="true"/>
</engineerTo>
<useDomainConstraints>false</useDomainConstraints>
<use>1</use>
<logicalDatatype>LOGDT019</logicalDatatype>
<dataTypePrecision>7</dataTypePrecision>
<ownDataTypeParameters>,7,</ownDataTypeParameters>
</Attribute>
<Attribute name="customer_name" id="292D17CE-F113-3DF6-B812-D3C1C0BD872D">
<createdBy>Farisha Jamal</createdBy>
<createdTime>2023-11-18 00:25:21 UTC</createdTime>
<commentInRDBMS><![CDATA[customer name]]></commentInRDBMS>
<ownerDesignName>mau_logical</ownerDesignName>
<engineerTo>
<item key="257019A9-1216-03C2-9C28-B6842B8F4B72" value="true"/>
</engineerTo>
<useDomainConstraints>false</useDomainConstraints>
<use>1</use>
<logicalDatatype>LOGDT024</logicalDatatype>
<dataTypeSize>50</dataTypeSize>
<ownDataTypeParameters>50,,</ownDataTypeParameters>
</Attribute>
<Attribute name="customer_address" id="503439AA-E731-148A-546B-8CAEC1498238">
<createdBy>Farisha Jamal</createdBy>
<createdTime>2023-11-18 00:25:32 UTC</createdTime>
<commentInRDBMS><![CDATA[customer address]]></commentInRDBMS>
<ownerDesignName>mau_logical</ownerDesignName>
<engineerTo>
<item key="257019A9-1216-03C2-9C28-B6842B8F4B72" value="true"/>
</engineerTo>
<useDomainConstraints>false</useDomainConstraints>
<use>1</use>
<logicalDatatype>LOGDT024</logicalDatatype>
<dataTypeSize>50</dataTypeSize>
<ownDataTypeParameters>50,,</ownDataTypeParameters>
</Attribute>
<Attribute name="customer_phone" id="8F90709C-55DA-513B-2EBA-BE5C008BA3B1">
<createdBy>Farisha Jamal</createdBy>
<createdTime>2023-11-18 00:25:44 UTC</createdTime>
<commentInRDBMS><![CDATA[customer phone number]]></commentInRDBMS>
<ownerDesignName>mau_logical</ownerDesignName>
<engineerTo>
<item key="257019A9-1216-03C2-9C28-B6842B8F4B72" value="true"/>
</engineerTo>
<useDomainConstraints>false</useDomainConstraints>
<use>1</use>
<logicalDatatype>LOGDT025</logicalDatatype>
<dataTypeSize>10</dataTypeSize>
<ownDataTypeParameters>10,,</ownDataTypeParameters>
</Attribute>
<Attribute name="customer_business_name" id="E62AC14A-3784-63C6-1A79-B7B9E59EDE95">
<createdBy>Farisha Jamal</createdBy>
<createdTime>2023-11-18 00:25:55 UTC</createdTime>
<commentInRDBMS><![CDATA[customer's business]]></commentInRDBMS>
<ownerDesignName>mau_logical</ownerDesignName>
<engineerTo>
<item key="257019A9-1216-03C2-9C28-B6842B8F4B72" value="true"/>
</engineerTo>
<nullsAllowed>true</nullsAllowed>
<useDomainConstraints>false</useDomainConstraints>
<use>1</use>
<logicalDatatype>LOGDT024</logicalDatatype>
<dataTypeSize>50</dataTypeSize>
<ownDataTypeParameters>50,,</ownDataTypeParameters>
</Attribute>
</attributes>
<identifiers itemClass="oracle.dbtools.crest.model.design.logical.CandidateKey">
<identifier id="76E91878-89CA-5157-32EE-678959224825" name="CUSTOMER PK">
<createdBy>Farisha Jamal</createdBy>
<createdTime>2023-11-18 00:25:20 UTC</createdTime>
<ownerDesignName>mau_logical</ownerDesignName>
<engineerTo>
<item key="257019A9-1216-03C2-9C28-B6842B8F4B72" value="true"/>
</engineerTo>
<pk>true</pk>
<usedAttributes>
<attributeRef>B8DF710B-F7AE-6477-08FF-5DED819E51C0</attributeRef>
</usedAttributes>
</identifier>
</identifiers>
</Entity>
