<?xml version = '1.0' encoding = 'UTF-8'?>
<Entity class="oracle.dbtools.crest.model.design.logical.Entity" directorySegmentName="seg_0" id="2002A397-9BD3-E206-AA5A-A6C06ED76BD8" name="ARTWORK_STYLE">
<createdBy>Farisha Jamal</createdBy>
<createdTime>2023-11-18 00:21:11 UTC</createdTime>
<ownerDesignName>mau_logical</ownerDesignName>
<engineerTo>
<item key="257019A9-1216-03C2-9C28-B6842B8F4B72" value="true"/>
</engineerTo>
<adequatelyNormalized>NO</adequatelyNormalized>
<expectedVolumes>0</expectedVolumes>
<fwdEngineeringStrategyName>Single Table</fwdEngineeringStrategyName>
<growthPercent>0</growthPercent>
<growthType>Year</growthType>
<maxVolumes>9999999</maxVolumes>
<minVolumes>0</minVolumes>
<normalForm>Third</normalForm>
<attributes itemClass="oracle.dbtools.crest.model.design.logical.Attribute">
<Attribute name="awstyle_id" id="8408E136-A1CF-DEFB-0CB8-BC0EFE59ADA3">
<createdBy>jacks</createdBy>
<createdTime>2023-11-21 09:26:55 UTC</createdTime>
<commentInRDBMS><![CDATA[Artwork style ID]]></commentInRDBMS>
<ownerDesignName>mau_logical</ownerDesignName>
<engineerTo>
<item key="257019A9-1216-03C2-9C28-B6842B8F4B72" value="true"/>
</engineerTo>
<useDomainConstraints>false</useDomainConstraints>
<use>1</use>
<logicalDatatype>LOGDT019</logicalDatatype>
<dataTypePrecision>7</dataTypePrecision>
<ownDataTypeParameters>,7,</ownDataTypeParameters>
</Attribute>
<Attribute name="awstyle_name" id="59155191-C2E8-A95E-ABAE-FE8F481AA72F">
<createdBy>Farisha Jamal</createdBy>
<createdTime>2023-11-18 00:21:15 UTC</createdTime>
<commentInRDBMS><![CDATA[style name]]></commentInRDBMS>
<ownerDesignName>mau_logical</ownerDesignName>
<engineerTo>
<item key="257019A9-1216-03C2-9C28-B6842B8F4B72" value="true"/>
</engineerTo>
<useDomainConstraints>false</useDomainConstraints>
<use>1</use>
<logicalDatatype>LOGDT024</logicalDatatype>
<dataTypeSize>50</dataTypeSize>
<ownDataTypeParameters>50,,</ownDataTypeParameters>
</Attribute>
<Attribute name="awstyle_desc" id="ECDDE978-F41C-70DD-A035-F1C7014230BE">
<createdBy>Farisha Jamal</createdBy>
<createdTime>2023-11-18 00:21:27 UTC</createdTime>
<commentInRDBMS><![CDATA[style description]]></commentInRDBMS>
<ownerDesignName>mau_logical</ownerDesignName>
<engineerTo>
<item key="257019A9-1216-03C2-9C28-B6842B8F4B72" value="true"/>
</engineerTo>
<nullsAllowed>true</nullsAllowed>
<useDomainConstraints>false</useDomainConstraints>
<use>1</use>
<logicalDatatype>LOGDT024</logicalDatatype>
<dataTypeSize>50</dataTypeSize>
<ownDataTypeParameters>50,,</ownDataTypeParameters>
</Attribute>
</attributes>
<identifiers itemClass="oracle.dbtools.crest.model.design.logical.CandidateKey">
<identifier id="8C8FFBA1-6BE3-52FA-ED1F-9C2D401B5EFC" name="STYLE PK">
<createdBy>Farisha Jamal</createdBy>
<createdTime>2023-11-18 00:21:22 UTC</createdTime>
<ownerDesignName>mau_logical</ownerDesignName>
<engineerTo>
<item key="257019A9-1216-03C2-9C28-B6842B8F4B72" value="true"/>
</engineerTo>
<pk>true</pk>
<usedAttributes>
<attributeRef>8408E136-A1CF-DEFB-0CB8-BC0EFE59ADA3</attributeRef>
</usedAttributes>
</identifier>
</identifiers>
</Entity>
