<?xml version = '1.0' encoding = 'UTF-8'?>
<Entity class="oracle.dbtools.crest.model.design.logical.Entity" directorySegmentName="seg_0" id="2D17122F-3247-EBF9-C386-C2B07B027B7F" name="ARTWORK">
<createdBy>Farisha Jamal</createdBy>
<createdTime>2023-11-18 00:17:48 UTC</createdTime>
<ownerDesignName>mau_logical</ownerDesignName>
<engineerTo>
<item key="257019A9-1216-03C2-9C28-B6842B8F4B72" value="true"/>
</engineerTo>
<adequatelyNormalized>NO</adequatelyNormalized>
<expectedVolumes>0</expectedVolumes>
<fwdEngineeringStrategyName>Single Table</fwdEngineeringStrategyName>
<growthPercent>0</growthPercent>
<growthType>Year</growthType>
<maxVolumes>9999999</maxVolumes>
<minVolumes>0</minVolumes>
<normalForm>Third</normalForm>
<attributes itemClass="oracle.dbtools.crest.model.design.logical.Attribute">
<Attribute name="artwork_code" id="2DB58F89-99E0-6F87-6593-36FCD9FC2072">
<createdBy>Farisha Jamal</createdBy>
<createdTime>2023-11-18 01:52:10 UTC</createdTime>
<commentInRDBMS><![CDATA[Artwork code (surrogate PK)]]></commentInRDBMS>
<ownerDesignName>mau_logical</ownerDesignName>
<engineerTo>
<item key="257019A9-1216-03C2-9C28-B6842B8F4B72" value="true"/>
</engineerTo>
<useDomainConstraints>false</useDomainConstraints>
<use>1</use>
<logicalDatatype>LOGDT019</logicalDatatype>
<dataTypePrecision>7</dataTypePrecision>
<ownDataTypeParameters>,7,</ownDataTypeParameters>
</Attribute>
<Attribute name="artwork_no" id="9C1E735C-33F4-F704-8C55-338EA9F1737E">
<createdBy>Farisha Jamal</createdBy>
<createdTime>2023-11-18 00:17:54 UTC</createdTime>
<commentInRDBMS><![CDATA[artwork number]]></commentInRDBMS>
<ownerDesignName>mau_logical</ownerDesignName>
<engineerTo>
<item key="257019A9-1216-03C2-9C28-B6842B8F4B72" value="true"/>
</engineerTo>
<useDomainConstraints>false</useDomainConstraints>
<use>1</use>
<logicalDatatype>LOGDT019</logicalDatatype>
<dataTypePrecision>7</dataTypePrecision>
<ownDataTypeParameters>,7,</ownDataTypeParameters>
</Attribute>
<Attribute name="artwork_title" id="1C2F9D7A-ABB6-397A-F880-39E8FCB3BC28">
<createdBy>Farisha Jamal</createdBy>
<createdTime>2023-11-18 00:18:08 UTC</createdTime>
<commentInRDBMS><![CDATA[artwork title]]></commentInRDBMS>
<ownerDesignName>mau_logical</ownerDesignName>
<engineerTo>
<item key="257019A9-1216-03C2-9C28-B6842B8F4B72" value="true"/>
</engineerTo>
<useDomainConstraints>false</useDomainConstraints>
<use>1</use>
<logicalDatatype>LOGDT024</logicalDatatype>
<dataTypeSize>50</dataTypeSize>
<ownDataTypeParameters>50,,</ownDataTypeParameters>
</Attribute>
<Attribute name="artwork_date_added" id="D3ED614D-2290-9B66-491A-864746D39DA7">
<createdBy>Farisha Jamal</createdBy>
<createdTime>2023-11-18 00:19:01 UTC</createdTime>
<commentInRDBMS><![CDATA[artwork accepted date / artwork added to stock date.]]></commentInRDBMS>
<ownerDesignName>mau_logical</ownerDesignName>
<engineerTo>
<item key="257019A9-1216-03C2-9C28-B6842B8F4B72" value="true"/>
</engineerTo>
<useDomainConstraints>false</useDomainConstraints>
<use>1</use>
<logicalDatatype>LOGDT007</logicalDatatype>
<ownDataTypeParameters>,,</ownDataTypeParameters>
</Attribute>
<Attribute name="artwork_min_price" id="25014F49-344D-96A6-A408-DB937766C65B">
<createdBy>Farisha Jamal</createdBy>
<createdTime>2023-11-18 00:19:50 UTC</createdTime>
<commentInRDBMS><![CDATA[artwork minimum price]]></commentInRDBMS>
<ownerDesignName>mau_logical</ownerDesignName>
<engineerTo>
<item key="257019A9-1216-03C2-9C28-B6842B8F4B72" value="true"/>
</engineerTo>
<useDomainConstraints>false</useDomainConstraints>
<use>1</use>
<logicalDatatype>LOGDT024</logicalDatatype>
<dataTypeSize>50</dataTypeSize>
<ownDataTypeParameters>50,,</ownDataTypeParameters>
</Attribute>
<Attribute name="artist_code" id="467A856B-8059-6F52-489A-4E31C8C6DC70">
<createdBy>Farisha Jamal</createdBy>
<createdTime>2023-11-18 00:45:55 UTC</createdTime>
<commentInRDBMS><![CDATA[artist code]]></commentInRDBMS>
<generatorID>147FBA99-F8DF-25C1-AE2C-54DC65B633FD</generatorID>
<ownerDesignName>mau_logical</ownerDesignName>
<engineerTo>
<item key="257019A9-1216-03C2-9C28-B6842B8F4B72" value="true"/>
</engineerTo>
<referedAttribute>2A4D6234-D52C-4148-6EA5-D92F1F096A98</referedAttribute>
<useDomainConstraints>false</useDomainConstraints>
<use>1</use>
<logicalDatatype>LOGDT019</logicalDatatype>
<dataTypePrecision>7</dataTypePrecision>
<ownDataTypeParameters>,7,</ownDataTypeParameters>
</Attribute>
<Attribute name="awmedia_id" id="D345A348-47EA-D27E-8371-309182934B14">
<createdBy>jacks</createdBy>
<createdTime>2023-11-21 09:26:30 UTC</createdTime>
<commentInRDBMS><![CDATA[Artwork style ID]]></commentInRDBMS>
<generatorID>5C1E2A42-9E29-C752-3765-D123AC0B8613</generatorID>
<ownerDesignName>mau_logical</ownerDesignName>
<engineerTo>
<item key="257019A9-1216-03C2-9C28-B6842B8F4B72" value="true"/>
</engineerTo>
<referedAttribute>028C7B8A-D792-F8FE-B5F0-CA0CAAAD5415</referedAttribute>
<useDomainConstraints>false</useDomainConstraints>
<use>1</use>
<logicalDatatype>LOGDT019</logicalDatatype>
<dataTypePrecision>7</dataTypePrecision>
<ownDataTypeParameters>,7,</ownDataTypeParameters>
</Attribute>
<Attribute name="awstyle_id" id="67042BCC-7C27-BF84-1942-DC800205F763">
<createdBy>jacks</createdBy>
<createdTime>2023-11-21 09:29:05 UTC</createdTime>
<commentInRDBMS><![CDATA[Artwork style ID]]></commentInRDBMS>
<generatorID>39C8342F-184F-C821-F5D0-13014A60571D</generatorID>
<ownerDesignName>mau_logical</ownerDesignName>
<engineerTo>
<item key="257019A9-1216-03C2-9C28-B6842B8F4B72" value="true"/>
</engineerTo>
<referedAttribute>8408E136-A1CF-DEFB-0CB8-BC0EFE59ADA3</referedAttribute>
<useDomainConstraints>false</useDomainConstraints>
<use>1</use>
<logicalDatatype>LOGDT019</logicalDatatype>
<dataTypePrecision>7</dataTypePrecision>
<ownDataTypeParameters>,7,</ownDataTypeParameters>
</Attribute>
</attributes>
<identifiers itemClass="oracle.dbtools.crest.model.design.logical.CandidateKey">
<identifier id="7F3BC23D-36C3-BE97-56A9-8D73AC2C5143" name="ARTWORK PK">
<createdBy>Farisha Jamal</createdBy>
<createdTime>2023-11-18 00:18:07 UTC</createdTime>
<ownerDesignName>mau_logical</ownerDesignName>
<engineerTo>
<item key="257019A9-1216-03C2-9C28-B6842B8F4B72" value="true"/>
</engineerTo>
<pk>true</pk>
<usedAttributes>
<attributeRef>2DB58F89-99E0-6F87-6593-36FCD9FC2072</attributeRef>
</usedAttributes>
</identifier>
<identifier id="E2CE50EF-273C-9E66-AED4-C101558BEF62" name="ARTWORK_NK">
<createdBy>vkis0001</createdBy>
<createdTime>2023-11-21 23:58:24 UTC</createdTime>
<ownerDesignName>mau_logical</ownerDesignName>
<engineerTo>
<item key="257019A9-1216-03C2-9C28-B6842B8F4B72" value="true"/>
</engineerTo>
<newElementsIDs>9C1E735C-33F4-F704-8C55-338EA9F1737E,467A856B-8059-6F52-489A-4E31C8C6DC70</newElementsIDs>
<usedAttributes>
<attributeRef>9C1E735C-33F4-F704-8C55-338EA9F1737E</attributeRef>
<attributeRef>467A856B-8059-6F52-489A-4E31C8C6DC70</attributeRef>
</usedAttributes>
</identifier>
</identifiers>
</Entity>
