<?xml version = '1.0' encoding = 'UTF-8'?>
<Entity class="oracle.dbtools.crest.model.design.logical.Entity" directorySegmentName="seg_0" id="2E9DF9E6-FD84-8FCB-CF50-582121088B9B" name="ARTIST">
<createdBy>Farisha Jamal</createdBy>
<createdTime>2023-11-18 00:43:46 UTC</createdTime>
<ownerDesignName>mau_logical</ownerDesignName>
<engineerTo>
<item key="257019A9-1216-03C2-9C28-B6842B8F4B72" value="true"/>
</engineerTo>
<adequatelyNormalized>NO</adequatelyNormalized>
<expectedVolumes>0</expectedVolumes>
<fwdEngineeringStrategyName>Single Table</fwdEngineeringStrategyName>
<growthPercent>0</growthPercent>
<growthType>Year</growthType>
<maxVolumes>9999999</maxVolumes>
<minVolumes>0</minVolumes>
<normalForm>Third</normalForm>
<attributes itemClass="oracle.dbtools.crest.model.design.logical.Attribute">
<Attribute name="artist_code" id="2A4D6234-D52C-4148-6EA5-D92F1F096A98">
<createdBy>Farisha Jamal</createdBy>
<createdTime>2023-11-18 00:43:50 UTC</createdTime>
<commentInRDBMS><![CDATA[artist code]]></commentInRDBMS>
<ownerDesignName>mau_logical</ownerDesignName>
<engineerTo>
<item key="257019A9-1216-03C2-9C28-B6842B8F4B72" value="true"/>
</engineerTo>
<useDomainConstraints>false</useDomainConstraints>
<use>1</use>
<logicalDatatype>LOGDT019</logicalDatatype>
<dataTypePrecision>7</dataTypePrecision>
<ownDataTypeParameters>,7,</ownDataTypeParameters>
</Attribute>
<Attribute name="artist_given_name" id="B708BE0A-0D0B-2BA1-759C-C7104E5DC167">
<createdBy>Farisha Jamal</createdBy>
<createdTime>2023-11-18 00:44:08 UTC</createdTime>
<commentInRDBMS><![CDATA[artist given name]]></commentInRDBMS>
<ownerDesignName>mau_logical</ownerDesignName>
<engineerTo>
<item key="257019A9-1216-03C2-9C28-B6842B8F4B72" value="true"/>
</engineerTo>
<useDomainConstraints>false</useDomainConstraints>
<use>1</use>
<logicalDatatype>LOGDT024</logicalDatatype>
<dataTypeSize>50</dataTypeSize>
<ownDataTypeParameters>50,,</ownDataTypeParameters>
</Attribute>
<Attribute name="artist_family_name" id="86177B07-6B7A-636E-516A-22D9D94B649D">
<createdBy>Farisha Jamal</createdBy>
<createdTime>2023-11-20 11:40:37 UTC</createdTime>
<commentInRDBMS><![CDATA[artist family name]]></commentInRDBMS>
<ownerDesignName>mau_logical</ownerDesignName>
<engineerTo>
<item key="257019A9-1216-03C2-9C28-B6842B8F4B72" value="true"/>
</engineerTo>
<useDomainConstraints>false</useDomainConstraints>
<use>1</use>
<logicalDatatype>LOGDT024</logicalDatatype>
<dataTypeSize>50</dataTypeSize>
<ownDataTypeParameters>50,,</ownDataTypeParameters>
</Attribute>
<Attribute name="artist_address" id="0562DC80-A749-86ED-B782-1DB261C8AA19">
<createdBy>Farisha Jamal</createdBy>
<createdTime>2023-11-18 00:44:21 UTC</createdTime>
<commentInRDBMS><![CDATA[artist address]]></commentInRDBMS>
<ownerDesignName>mau_logical</ownerDesignName>
<engineerTo>
<item key="257019A9-1216-03C2-9C28-B6842B8F4B72" value="true"/>
</engineerTo>
<useDomainConstraints>false</useDomainConstraints>
<use>1</use>
<logicalDatatype>LOGDT024</logicalDatatype>
<dataTypeSize>50</dataTypeSize>
<ownDataTypeParameters>50,,</ownDataTypeParameters>
</Attribute>
<Attribute name="artist_phone" id="334FE31F-2BA2-7FC6-3C87-E9F2E00B2D96">
<createdBy>Farisha Jamal</createdBy>
<createdTime>2023-11-18 00:44:33 UTC</createdTime>
<commentInRDBMS><![CDATA[artist phone number]]></commentInRDBMS>
<ownerDesignName>mau_logical</ownerDesignName>
<engineerTo>
<item key="257019A9-1216-03C2-9C28-B6842B8F4B72" value="true"/>
</engineerTo>
<nullsAllowed>true</nullsAllowed>
<useDomainConstraints>false</useDomainConstraints>
<use>1</use>
<logicalDatatype>LOGDT025</logicalDatatype>
<dataTypeSize>10</dataTypeSize>
<ownDataTypeParameters>10,,</ownDataTypeParameters>
</Attribute>
<Attribute name="artist_artwork_qty" id="8A3DB411-5448-FA69-97A1-899ACA55AA9A">
<createdBy>Farisha Jamal</createdBy>
<createdTime>2023-11-18 00:44:47 UTC</createdTime>
<commentInRDBMS><![CDATA[artists' number of artwork in stock]]></commentInRDBMS>
<ownerDesignName>mau_logical</ownerDesignName>
<engineerTo>
<item key="257019A9-1216-03C2-9C28-B6842B8F4B72" value="true"/>
</engineerTo>
<useDomainConstraints>false</useDomainConstraints>
<use>1</use>
<logicalDatatype>LOGDT019</logicalDatatype>
<dataTypePrecision>7</dataTypePrecision>
<ownDataTypeParameters>,7,</ownDataTypeParameters>
</Attribute>
<Attribute name="artist_recommended" id="592CC977-85F7-BCC4-65C0-E04426688A77">
<createdBy>Farisha Jamal</createdBy>
<createdTime>2023-11-18 02:40:51 UTC</createdTime>
<commentInRDBMS><![CDATA[artist code]]></commentInRDBMS>
<generatorID>350C4300-B0BC-0D7F-D204-B58028E3988D</generatorID>
<ownerDesignName>mau_logical</ownerDesignName>
<engineerTo>
<item key="257019A9-1216-03C2-9C28-B6842B8F4B72" value="true"/>
</engineerTo>
<nullsAllowed>true</nullsAllowed>
<referedAttribute>2A4D6234-D52C-4148-6EA5-D92F1F096A98</referedAttribute>
<useDomainConstraints>false</useDomainConstraints>
<use>1</use>
<logicalDatatype>LOGDT019</logicalDatatype>
<dataTypePrecision>7</dataTypePrecision>
<ownDataTypeParameters>,7,</ownDataTypeParameters>
</Attribute>
</attributes>
<identifiers itemClass="oracle.dbtools.crest.model.design.logical.CandidateKey">
<identifier id="63047931-7481-0236-D9F8-4D8A4F8EAABF" name="ARTIST PK">
<createdBy>Farisha Jamal</createdBy>
<createdTime>2023-11-18 00:45:35 UTC</createdTime>
<ownerDesignName>mau_logical</ownerDesignName>
<engineerTo>
<item key="257019A9-1216-03C2-9C28-B6842B8F4B72" value="true"/>
</engineerTo>
<pk>true</pk>
<usedAttributes>
<attributeRef>2A4D6234-D52C-4148-6EA5-D92F1F096A98</attributeRef>
</usedAttributes>
</identifier>
</identifiers>
</Entity>
