<?xml version = '1.0' encoding = 'UTF-8'?>
<Entity class="oracle.dbtools.crest.model.design.logical.Entity" directorySegmentName="seg_0" id="4A7AD69A-AD0F-7DD9-9C34-60F0CA37A6F4" name="EXHIBIT">
<createdBy>Farisha Jamal</createdBy>
<createdTime>2023-11-18 00:23:13 UTC</createdTime>
<ownerDesignName>mau_logical</ownerDesignName>
<engineerTo>
<item key="257019A9-1216-03C2-9C28-B6842B8F4B72" value="true"/>
</engineerTo>
<adequatelyNormalized>NO</adequatelyNormalized>
<expectedVolumes>0</expectedVolumes>
<fwdEngineeringStrategyName>Single Table</fwdEngineeringStrategyName>
<growthPercent>0</growthPercent>
<growthType>Year</growthType>
<maxVolumes>9999999</maxVolumes>
<minVolumes>0</minVolumes>
<normalForm>Third</normalForm>
<attributes itemClass="oracle.dbtools.crest.model.design.logical.Attribute">
<Attribute name="exhibit_id" id="247DCAFD-47D6-861A-74E4-A73616238D66">
<createdBy>Farisha Jamal</createdBy>
<createdTime>2023-11-18 00:23:17 UTC</createdTime>
<commentInRDBMS><![CDATA[Exhibit ID]]></commentInRDBMS>
<ownerDesignName>mau_logical</ownerDesignName>
<engineerTo>
<item key="257019A9-1216-03C2-9C28-B6842B8F4B72" value="true"/>
</engineerTo>
<useDomainConstraints>false</useDomainConstraints>
<use>1</use>
<logicalDatatype>LOGDT019</logicalDatatype>
<dataTypePrecision>7</dataTypePrecision>
<ownDataTypeParameters>,7,</ownDataTypeParameters>
</Attribute>
<Attribute name="artwork_code" id="B04A2544-80A7-5F12-334F-893D47442B7C">
<createdBy>vkis0001</createdBy>
<createdTime>2023-11-21 01:17:24 UTC</createdTime>
<commentInRDBMS><![CDATA[Artwork code (surrogate PK)]]></commentInRDBMS>
<generatorID>CDD84001-0DAE-1AC1-E4F4-FE94B18DE0EB</generatorID>
<ownerDesignName>mau_logical</ownerDesignName>
<engineerTo>
<item key="257019A9-1216-03C2-9C28-B6842B8F4B72" value="true"/>
</engineerTo>
<referedAttribute>2DB58F89-99E0-6F87-6593-36FCD9FC2072</referedAttribute>
<useDomainConstraints>false</useDomainConstraints>
<use>1</use>
<logicalDatatype>LOGDT019</logicalDatatype>
<dataTypePrecision>7</dataTypePrecision>
<ownDataTypeParameters>,,</ownDataTypeParameters>
</Attribute>
<Attribute name="gal_id" id="B955DF64-2F96-3312-0704-ADC0C15F386F">
<createdBy>Farisha Jamal</createdBy>
<createdTime>2023-11-18 00:39:40 UTC</createdTime>
<commentInRDBMS><![CDATA[gallery id]]></commentInRDBMS>
<generatorID>922B3331-C5D2-FE77-DBFA-139BD1D995D5</generatorID>
<ownerDesignName>mau_logical</ownerDesignName>
<engineerTo>
<item key="257019A9-1216-03C2-9C28-B6842B8F4B72" value="true"/>
</engineerTo>
<referedAttribute>927A2AF3-44E4-09DF-F42E-9F949F0A565C</referedAttribute>
<useDomainConstraints>false</useDomainConstraints>
<use>1</use>
<logicalDatatype>LOGDT019</logicalDatatype>
<dataTypePrecision>7</dataTypePrecision>
<ownDataTypeParameters>,,</ownDataTypeParameters>
</Attribute>
<Attribute name="exhibit_date_start" id="B57BE743-7AFB-DC41-DEC1-AA150942B6D7">
<createdBy>Farisha Jamal</createdBy>
<createdTime>2023-11-20 11:45:48 UTC</createdTime>
<commentInRDBMS><![CDATA[exhibit start date]]></commentInRDBMS>
<ownerDesignName>mau_logical</ownerDesignName>
<engineerTo>
<item key="257019A9-1216-03C2-9C28-B6842B8F4B72" value="true"/>
</engineerTo>
<useDomainConstraints>false</useDomainConstraints>
<use>1</use>
<logicalDatatype>LOGDT007</logicalDatatype>
<ownDataTypeParameters>,,</ownDataTypeParameters>
</Attribute>
<Attribute name="exhibit_date_end" id="AA4E1B9B-855E-885D-639F-53BD75C5012A">
<createdBy>Farisha Jamal</createdBy>
<createdTime>2023-11-20 11:46:10 UTC</createdTime>
<commentInRDBMS><![CDATA[exhibit end date]]></commentInRDBMS>
<ownerDesignName>mau_logical</ownerDesignName>
<engineerTo>
<item key="257019A9-1216-03C2-9C28-B6842B8F4B72" value="true"/>
</engineerTo>
<useDomainConstraints>false</useDomainConstraints>
<use>1</use>
<logicalDatatype>LOGDT007</logicalDatatype>
<ownDataTypeParameters>,,</ownDataTypeParameters>
</Attribute>
<Attribute name="exhibit_artwork_in_cat" id="5A4A6E45-281A-002C-634F-2252E68B75AE">
<createdBy>Farisha Jamal</createdBy>
<createdTime>2023-11-20 11:46:26 UTC</createdTime>
<commentInRDBMS><![CDATA[yes/no for if artwork is featured in the display's catalog.]]></commentInRDBMS>
<ownerDesignName>mau_logical</ownerDesignName>
<engineerTo>
<item key="257019A9-1216-03C2-9C28-B6842B8F4B72" value="true"/>
</engineerTo>
<useDomainConstraints>false</useDomainConstraints>
<use>1</use>
<logicalDatatype>LOGDT024</logicalDatatype>
<dataTypeSize>3</dataTypeSize>
<ownDataTypeParameters>3,,</ownDataTypeParameters>
</Attribute>
</attributes>
<identifiers itemClass="oracle.dbtools.crest.model.design.logical.CandidateKey">
<identifier id="EAF315A3-50F6-D592-A580-446775FFD76E" name="EXHIBIT PK">
<createdBy>Farisha Jamal</createdBy>
<createdTime>2023-11-18 00:23:29 UTC</createdTime>
<ownerDesignName>mau_logical</ownerDesignName>
<engineerTo>
<item key="257019A9-1216-03C2-9C28-B6842B8F4B72" value="true"/>
</engineerTo>
<pk>true</pk>
<usedAttributes>
<attributeRef>247DCAFD-47D6-861A-74E4-A73616238D66</attributeRef>
</usedAttributes>
</identifier>
</identifiers>
</Entity>
