<?xml version = '1.0' encoding = 'UTF-8'?>
<Entity class="oracle.dbtools.crest.model.design.logical.Entity" directorySegmentName="seg_0" id="5F319C43-287D-6A62-0B41-ED6EC6DF5ED1" name="ARTWORK_MEDIA">
<createdBy>Farisha Jamal</createdBy>
<createdTime>2023-11-18 00:20:29 UTC</createdTime>
<ownerDesignName>mau_logical</ownerDesignName>
<engineerTo>
<item key="257019A9-1216-03C2-9C28-B6842B8F4B72" value="true"/>
</engineerTo>
<adequatelyNormalized>NO</adequatelyNormalized>
<expectedVolumes>0</expectedVolumes>
<fwdEngineeringStrategyName>Single Table</fwdEngineeringStrategyName>
<growthPercent>0</growthPercent>
<growthType>Year</growthType>
<maxVolumes>9999999</maxVolumes>
<minVolumes>0</minVolumes>
<normalForm>Third</normalForm>
<attributes itemClass="oracle.dbtools.crest.model.design.logical.Attribute">
<Attribute name="awmedia_id" id="028C7B8A-D792-F8FE-B5F0-CA0CAAAD5415">
<createdBy>jacks</createdBy>
<createdTime>2023-11-21 09:26:05 UTC</createdTime>
<commentInRDBMS><![CDATA[Artwork style ID]]></commentInRDBMS>
<ownerDesignName>mau_logical</ownerDesignName>
<engineerTo>
<item key="257019A9-1216-03C2-9C28-B6842B8F4B72" value="true"/>
</engineerTo>
<useDomainConstraints>false</useDomainConstraints>
<use>1</use>
<logicalDatatype>LOGDT019</logicalDatatype>
<dataTypePrecision>7</dataTypePrecision>
<ownDataTypeParameters>,7,</ownDataTypeParameters>
</Attribute>
<Attribute name="awmedia_name" id="0FD74BD3-41B4-958A-47AB-9E7DAB7CFCDC">
<createdBy>Farisha Jamal</createdBy>
<createdTime>2023-11-18 00:20:35 UTC</createdTime>
<commentInRDBMS><![CDATA[media name]]></commentInRDBMS>
<ownerDesignName>mau_logical</ownerDesignName>
<engineerTo>
<item key="257019A9-1216-03C2-9C28-B6842B8F4B72" value="true"/>
</engineerTo>
<useDomainConstraints>false</useDomainConstraints>
<use>1</use>
<logicalDatatype>LOGDT024</logicalDatatype>
<dataTypeSize>50</dataTypeSize>
<ownDataTypeParameters>50,,</ownDataTypeParameters>
</Attribute>
<Attribute name="awmedia_desc" id="C95C1F18-E57E-B73A-8C48-D760C454B92E">
<createdBy>Farisha Jamal</createdBy>
<createdTime>2023-11-18 00:20:51 UTC</createdTime>
<commentInRDBMS><![CDATA[media description]]></commentInRDBMS>
<ownerDesignName>mau_logical</ownerDesignName>
<engineerTo>
<item key="257019A9-1216-03C2-9C28-B6842B8F4B72" value="true"/>
</engineerTo>
<nullsAllowed>true</nullsAllowed>
<useDomainConstraints>false</useDomainConstraints>
<use>1</use>
<logicalDatatype>LOGDT024</logicalDatatype>
<dataTypeSize>50</dataTypeSize>
<ownDataTypeParameters>50,,</ownDataTypeParameters>
</Attribute>
</attributes>
<identifiers itemClass="oracle.dbtools.crest.model.design.logical.CandidateKey">
<identifier id="8A654414-9A67-402C-CB42-E5E0688CA6A4" name="MEDIA PK">
<createdBy>Farisha Jamal</createdBy>
<createdTime>2023-11-18 00:20:44 UTC</createdTime>
<ownerDesignName>mau_logical</ownerDesignName>
<engineerTo>
<item key="257019A9-1216-03C2-9C28-B6842B8F4B72" value="true"/>
</engineerTo>
<pk>true</pk>
<usedAttributes>
<attributeRef>028C7B8A-D792-F8FE-B5F0-CA0CAAAD5415</attributeRef>
</usedAttributes>
</identifier>
</identifiers>
</Entity>
