<?xml version = '1.0' encoding = 'UTF-8'?>
<Entity class="oracle.dbtools.crest.model.design.logical.Entity" directorySegmentName="seg_0" id="65B917C7-9865-E301-2069-2D1A6E1F3639" name="GALLERY">
<createdBy>Farisha Jamal</createdBy>
<createdTime>2023-11-18 00:21:42 UTC</createdTime>
<ownerDesignName>mau_logical</ownerDesignName>
<engineerTo>
<item key="257019A9-1216-03C2-9C28-B6842B8F4B72" value="true"/>
</engineerTo>
<adequatelyNormalized>NO</adequatelyNormalized>
<expectedVolumes>0</expectedVolumes>
<fwdEngineeringStrategyName>Single Table</fwdEngineeringStrategyName>
<growthPercent>0</growthPercent>
<growthType>Year</growthType>
<maxVolumes>9999999</maxVolumes>
<minVolumes>0</minVolumes>
<normalForm>Third</normalForm>
<attributes itemClass="oracle.dbtools.crest.model.design.logical.Attribute">
<Attribute name="gal_id" id="927A2AF3-44E4-09DF-F42E-9F949F0A565C">
<createdBy>Farisha Jamal</createdBy>
<createdTime>2023-11-18 00:21:46 UTC</createdTime>
<commentInRDBMS><![CDATA[gallery id]]></commentInRDBMS>
<ownerDesignName>mau_logical</ownerDesignName>
<engineerTo>
<item key="257019A9-1216-03C2-9C28-B6842B8F4B72" value="true"/>
</engineerTo>
<useDomainConstraints>false</useDomainConstraints>
<use>1</use>
<logicalDatatype>LOGDT019</logicalDatatype>
<dataTypePrecision>7</dataTypePrecision>
<ownDataTypeParameters>,7,</ownDataTypeParameters>
</Attribute>
<Attribute name="gal_name" id="D7323356-2B13-A297-85AB-F62F14235250">
<createdBy>Farisha Jamal</createdBy>
<createdTime>2023-11-18 00:21:59 UTC</createdTime>
<commentInRDBMS><![CDATA[gallery name]]></commentInRDBMS>
<ownerDesignName>mau_logical</ownerDesignName>
<engineerTo>
<item key="257019A9-1216-03C2-9C28-B6842B8F4B72" value="true"/>
</engineerTo>
<useDomainConstraints>false</useDomainConstraints>
<use>1</use>
<logicalDatatype>LOGDT024</logicalDatatype>
<dataTypeSize>50</dataTypeSize>
<ownDataTypeParameters>50,,</ownDataTypeParameters>
</Attribute>
<Attribute name="gal_manager" id="5298DA60-89BB-939F-6555-30811B23756E">
<createdBy>Farisha Jamal</createdBy>
<createdTime>2023-11-18 00:22:11 UTC</createdTime>
<commentInRDBMS><![CDATA[gallery manager name]]></commentInRDBMS>
<ownerDesignName>mau_logical</ownerDesignName>
<engineerTo>
<item key="257019A9-1216-03C2-9C28-B6842B8F4B72" value="true"/>
</engineerTo>
<useDomainConstraints>false</useDomainConstraints>
<use>1</use>
<logicalDatatype>LOGDT024</logicalDatatype>
<dataTypeSize>50</dataTypeSize>
<ownDataTypeParameters>50,,</ownDataTypeParameters>
</Attribute>
<Attribute name="gal_street" id="12466E89-82D0-2BC7-AC51-38A5478E4436">
<createdBy>Farisha Jamal</createdBy>
<createdTime>2023-11-18 00:22:26 UTC</createdTime>
<commentInRDBMS><![CDATA[gallery address - street number and name.]]></commentInRDBMS>
<ownerDesignName>mau_logical</ownerDesignName>
<engineerTo>
<item key="257019A9-1216-03C2-9C28-B6842B8F4B72" value="true"/>
</engineerTo>
<useDomainConstraints>false</useDomainConstraints>
<use>1</use>
<logicalDatatype>LOGDT024</logicalDatatype>
<dataTypeSize>50</dataTypeSize>
<ownDataTypeParameters>50,,</ownDataTypeParameters>
</Attribute>
<Attribute name="gal_town" id="D7B80BC4-01D9-C74C-0AE1-B7B5D25C8AB8">
<createdBy>Farisha Jamal</createdBy>
<createdTime>2023-11-20 11:43:18 UTC</createdTime>
<commentInRDBMS><![CDATA[gallery address - town]]></commentInRDBMS>
<ownerDesignName>mau_logical</ownerDesignName>
<engineerTo>
<item key="257019A9-1216-03C2-9C28-B6842B8F4B72" value="true"/>
</engineerTo>
<useDomainConstraints>false</useDomainConstraints>
<use>1</use>
<logicalDatatype>LOGDT024</logicalDatatype>
<dataTypeSize>50</dataTypeSize>
<ownDataTypeParameters>50,,</ownDataTypeParameters>
</Attribute>
<Attribute name="gal_state" id="799DA1A3-B29D-9560-5441-5C7D639D8CF4">
<createdBy>Farisha Jamal</createdBy>
<createdTime>2023-11-20 11:43:30 UTC</createdTime>
<commentInRDBMS><![CDATA[gallery address - state]]></commentInRDBMS>
<ownerDesignName>mau_logical</ownerDesignName>
<engineerTo>
<item key="257019A9-1216-03C2-9C28-B6842B8F4B72" value="true"/>
</engineerTo>
<useDomainConstraints>false</useDomainConstraints>
<use>1</use>
<logicalDatatype>LOGDT024</logicalDatatype>
<dataTypeSize>3</dataTypeSize>
<ownDataTypeParameters>3,,</ownDataTypeParameters>
</Attribute>
<Attribute name="gal_phone" id="A4FF2323-55A6-3FBA-C3C3-23B7D31BD251">
<createdBy>Farisha Jamal</createdBy>
<createdTime>2023-11-18 00:22:41 UTC</createdTime>
<commentInRDBMS><![CDATA[gallery phone number]]></commentInRDBMS>
<ownerDesignName>mau_logical</ownerDesignName>
<engineerTo>
<item key="257019A9-1216-03C2-9C28-B6842B8F4B72" value="true"/>
</engineerTo>
<useDomainConstraints>false</useDomainConstraints>
<use>1</use>
<logicalDatatype>LOGDT025</logicalDatatype>
<dataTypeSize>10</dataTypeSize>
<ownDataTypeParameters>10,,</ownDataTypeParameters>
</Attribute>
<Attribute name="gal_commission" id="95D0B575-2C97-A06D-827C-5D4CD5C04CE2">
<createdBy>Farisha Jamal</createdBy>
<createdTime>2023-11-18 00:22:52 UTC</createdTime>
<commentInRDBMS><![CDATA[gallery commission]]></commentInRDBMS>
<ownerDesignName>mau_logical</ownerDesignName>
<engineerTo>
<item key="257019A9-1216-03C2-9C28-B6842B8F4B72" value="true"/>
</engineerTo>
<nullsAllowed>true</nullsAllowed>
<useDomainConstraints>false</useDomainConstraints>
<use>1</use>
<logicalDatatype>LOGDT024</logicalDatatype>
<dataTypeSize>50</dataTypeSize>
<ownDataTypeParameters>50,,</ownDataTypeParameters>
</Attribute>
<Attribute name="gal_time_open" id="6F228204-F081-FA00-B0B2-B12C1F0C9526">
<createdBy>Farisha Jamal</createdBy>
<createdTime>2023-11-20 11:44:01 UTC</createdTime>
<commentInRDBMS><![CDATA[opening time of gallery.]]></commentInRDBMS>
<ownerDesignName>mau_logical</ownerDesignName>
<engineerTo>
<item key="257019A9-1216-03C2-9C28-B6842B8F4B72" value="true"/>
</engineerTo>
<useDomainConstraints>false</useDomainConstraints>
<use>1</use>
<logicalDatatype>LOGDT024</logicalDatatype>
<dataTypeSize>50</dataTypeSize>
<ownDataTypeParameters>50,,</ownDataTypeParameters>
</Attribute>
<Attribute name="gal_time_close" id="FB2C5756-5C25-B574-3A51-83FC3B45BDB4">
<createdBy>Farisha Jamal</createdBy>
<createdTime>2023-11-20 11:44:29 UTC</createdTime>
<commentInRDBMS><![CDATA[closing time of gallery.]]></commentInRDBMS>
<ownerDesignName>mau_logical</ownerDesignName>
<engineerTo>
<item key="257019A9-1216-03C2-9C28-B6842B8F4B72" value="true"/>
</engineerTo>
<useDomainConstraints>false</useDomainConstraints>
<use>1</use>
<logicalDatatype>LOGDT024</logicalDatatype>
<dataTypeSize>50</dataTypeSize>
<ownDataTypeParameters>50,,</ownDataTypeParameters>
</Attribute>
</attributes>
<identifiers itemClass="oracle.dbtools.crest.model.design.logical.CandidateKey">
<identifier id="E5C84FDB-42EE-21BB-C79E-422C4CB77DBA" name="GALLERY PK">
<createdBy>Farisha Jamal</createdBy>
<createdTime>2023-11-18 00:21:55 UTC</createdTime>
<ownerDesignName>mau_logical</ownerDesignName>
<engineerTo>
<item key="257019A9-1216-03C2-9C28-B6842B8F4B72" value="true"/>
</engineerTo>
<pk>true</pk>
<usedAttributes>
<attributeRef>927A2AF3-44E4-09DF-F42E-9F949F0A565C</attributeRef>
</usedAttributes>
</identifier>
</identifiers>
</Entity>
