<?xml version = '1.0' encoding = 'UTF-8'?>
<Entity class="oracle.dbtools.crest.model.design.logical.Entity" directorySegmentName="seg_0" id="7B8F28AC-967F-54FF-236C-865D5B02D6EC" name="STATUS">
<createdBy>vkis0001</createdBy>
<createdTime>2023-11-20 15:28:14 UTC</createdTime>
<ownerDesignName>mau_logical</ownerDesignName>
<engineerTo>
<item key="257019A9-1216-03C2-9C28-B6842B8F4B72" value="true"/>
</engineerTo>
<adequatelyNormalized>NO</adequatelyNormalized>
<expectedVolumes>0</expectedVolumes>
<fwdEngineeringStrategyName>Single Table</fwdEngineeringStrategyName>
<growthPercent>0</growthPercent>
<growthType>Year</growthType>
<maxVolumes>9999999</maxVolumes>
<minVolumes>0</minVolumes>
<normalForm>Third</normalForm>
<attributes itemClass="oracle.dbtools.crest.model.design.logical.Attribute">
<Attribute name="status_code" id="0DB5350E-285D-2E62-B792-76B07DD66A47">
<createdBy>vkis0001</createdBy>
<createdTime>2023-11-20 15:30:52 UTC</createdTime>
<commentInRDBMS><![CDATA[Artwork status code (Surrogate key)]]></commentInRDBMS>
<ownerDesignName>mau_logical</ownerDesignName>
<engineerTo>
<item key="257019A9-1216-03C2-9C28-B6842B8F4B72" value="true"/>
</engineerTo>
<useDomainConstraints>false</useDomainConstraints>
<use>1</use>
<logicalDatatype>LOGDT019</logicalDatatype>
<dataTypePrecision>7</dataTypePrecision>
<ownDataTypeParameters>,7,</ownDataTypeParameters>
</Attribute>
<Attribute name="status_date" id="10D86F3F-2612-70A3-7B52-CAC9FB31222D">
<createdBy>vkis0001</createdBy>
<createdTime>2023-11-20 15:28:39 UTC</createdTime>
<commentInRDBMS><![CDATA[date the  status commenced]]></commentInRDBMS>
<ownerDesignName>mau_logical</ownerDesignName>
<engineerTo>
<item key="257019A9-1216-03C2-9C28-B6842B8F4B72" value="true"/>
</engineerTo>
<useDomainConstraints>false</useDomainConstraints>
<use>1</use>
<logicalDatatype>LOGDT007</logicalDatatype>
<ownDataTypeParameters>,,</ownDataTypeParameters>
</Attribute>
<Attribute name="status_of_artwork" id="8D51B6E4-046B-BB1A-B76F-CAF4DFB6A6A1">
<createdBy>vkis0001</createdBy>
<createdTime>2023-11-20 15:29:47 UTC</createdTime>
<commentInRDBMS><![CDATA[description of the status]]></commentInRDBMS>
<ownerDesignName>mau_logical</ownerDesignName>
<engineerTo>
<item key="257019A9-1216-03C2-9C28-B6842B8F4B72" value="true"/>
</engineerTo>
<useDomainConstraints>false</useDomainConstraints>
<use>1</use>
<logicalDatatype>LOGDT025</logicalDatatype>
<dataTypeSize>50 CHAR</dataTypeSize>
<ownDataTypeParameters>50 CHAR,,</ownDataTypeParameters>
</Attribute>
<Attribute name="artwork_code" id="986A1416-09A5-ECFB-363B-4F356C8FD3BD">
<createdBy>vkis0001</createdBy>
<createdTime>2023-11-20 15:35:37 UTC</createdTime>
<commentInRDBMS><![CDATA[Artwork code (surrogate PK)]]></commentInRDBMS>
<generatorID>48A017F6-E08A-5887-48E5-FB562200419A</generatorID>
<ownerDesignName>mau_logical</ownerDesignName>
<engineerTo>
<item key="257019A9-1216-03C2-9C28-B6842B8F4B72" value="true"/>
</engineerTo>
<referedAttribute>2DB58F89-99E0-6F87-6593-36FCD9FC2072</referedAttribute>
<useDomainConstraints>false</useDomainConstraints>
<use>1</use>
<logicalDatatype>LOGDT019</logicalDatatype>
<dataTypePrecision>7</dataTypePrecision>
<ownDataTypeParameters>,7,</ownDataTypeParameters>
</Attribute>
</attributes>
<identifiers itemClass="oracle.dbtools.crest.model.design.logical.CandidateKey">
<identifier id="EFC64444-B4D4-2177-C052-7BC75868B20E" name="STATUS PK">
<createdBy>vkis0001</createdBy>
<createdTime>2023-11-20 15:31:08 UTC</createdTime>
<ownerDesignName>mau_logical</ownerDesignName>
<engineerTo>
<item key="257019A9-1216-03C2-9C28-B6842B8F4B72" value="true"/>
</engineerTo>
<pk>true</pk>
<usedAttributes>
<attributeRef>0DB5350E-285D-2E62-B792-76B07DD66A47</attributeRef>
</usedAttributes>
</identifier>
<identifier id="EF571306-6549-D0F1-B295-8400D6551150" name="STATUS_NK">
<createdBy>vkis0001</createdBy>
<createdTime>2023-11-21 23:55:32 UTC</createdTime>
<ownerDesignName>mau_logical</ownerDesignName>
<engineerTo>
<item key="257019A9-1216-03C2-9C28-B6842B8F4B72" value="true"/>
</engineerTo>
<newElementsIDs>10D86F3F-2612-70A3-7B52-CAC9FB31222D,8D51B6E4-046B-BB1A-B76F-CAF4DFB6A6A1,986A1416-09A5-ECFB-363B-4F356C8FD3BD</newElementsIDs>
<usedAttributes>
<attributeRef>10D86F3F-2612-70A3-7B52-CAC9FB31222D</attributeRef>
<attributeRef>8D51B6E4-046B-BB1A-B76F-CAF4DFB6A6A1</attributeRef>
<attributeRef>986A1416-09A5-ECFB-363B-4F356C8FD3BD</attributeRef>
</usedAttributes>
</identifier>
</identifiers>
</Entity>
