<?xml version = '1.0' encoding = 'UTF-8'?>
<Entity class="oracle.dbtools.crest.model.design.logical.Entity" directorySegmentName="seg_0" id="CFA86951-ADDB-7750-4D8E-66C0ED4C17B4" name="SALE">
<createdBy>Farisha Jamal</createdBy>
<createdTime>2023-11-18 00:24:17 UTC</createdTime>
<ownerDesignName>mau_logical</ownerDesignName>
<engineerTo>
<item key="257019A9-1216-03C2-9C28-B6842B8F4B72" value="true"/>
</engineerTo>
<adequatelyNormalized>NO</adequatelyNormalized>
<expectedVolumes>0</expectedVolumes>
<fwdEngineeringStrategyName>Single Table</fwdEngineeringStrategyName>
<growthPercent>0</growthPercent>
<growthType>Year</growthType>
<maxVolumes>9999999</maxVolumes>
<minVolumes>0</minVolumes>
<normalForm>Third</normalForm>
<attributes itemClass="oracle.dbtools.crest.model.design.logical.Attribute">
<Attribute name="sale_id" id="3C254720-D3F7-95E8-8B22-5DC296AB14E7">
<createdBy>Farisha Jamal</createdBy>
<createdTime>2023-11-18 00:24:22 UTC</createdTime>
<commentInRDBMS><![CDATA[sale id]]></commentInRDBMS>
<ownerDesignName>mau_logical</ownerDesignName>
<engineerTo>
<item key="257019A9-1216-03C2-9C28-B6842B8F4B72" value="true"/>
</engineerTo>
<useDomainConstraints>false</useDomainConstraints>
<use>1</use>
<logicalDatatype>LOGDT019</logicalDatatype>
<dataTypePrecision>7</dataTypePrecision>
<ownDataTypeParameters>,7,</ownDataTypeParameters>
</Attribute>
<Attribute name="sale_date" id="C66B2ECB-1F18-6973-0A48-14785DA13347">
<createdBy>Farisha Jamal</createdBy>
<createdTime>2023-11-18 00:24:34 UTC</createdTime>
<commentInRDBMS><![CDATA[date sale was made]]></commentInRDBMS>
<ownerDesignName>mau_logical</ownerDesignName>
<engineerTo>
<item key="257019A9-1216-03C2-9C28-B6842B8F4B72" value="true"/>
</engineerTo>
<useDomainConstraints>false</useDomainConstraints>
<use>1</use>
<logicalDatatype>LOGDT007</logicalDatatype>
<ownDataTypeParameters>,,</ownDataTypeParameters>
</Attribute>
<Attribute name="sale_price" id="665B2641-227F-715D-3BAE-4D353C8BE8C1">
<createdBy>Farisha Jamal</createdBy>
<createdTime>2023-11-18 00:24:48 UTC</createdTime>
<commentInRDBMS><![CDATA[sale price]]></commentInRDBMS>
<ownerDesignName>mau_logical</ownerDesignName>
<engineerTo>
<item key="257019A9-1216-03C2-9C28-B6842B8F4B72" value="true"/>
</engineerTo>
<useDomainConstraints>false</useDomainConstraints>
<use>1</use>
<logicalDatatype>LOGDT024</logicalDatatype>
<dataTypeSize>50</dataTypeSize>
<ownDataTypeParameters>50,,</ownDataTypeParameters>
</Attribute>
<Attribute name="customer_id" id="460D2F4E-D302-0DCD-7F3E-C52CC4DDCD71">
<createdBy>Farisha Jamal</createdBy>
<createdTime>2023-11-18 00:38:23 UTC</createdTime>
<commentInRDBMS><![CDATA[customer id]]></commentInRDBMS>
<generatorID>19855D22-BA99-D60D-296B-0201D18D816E</generatorID>
<ownerDesignName>mau_logical</ownerDesignName>
<engineerTo>
<item key="257019A9-1216-03C2-9C28-B6842B8F4B72" value="true"/>
</engineerTo>
<referedAttribute>B8DF710B-F7AE-6477-08FF-5DED819E51C0</referedAttribute>
<useDomainConstraints>false</useDomainConstraints>
<use>1</use>
<logicalDatatype>LOGDT019</logicalDatatype>
<dataTypePrecision>7</dataTypePrecision>
<ownDataTypeParameters>,,</ownDataTypeParameters>
</Attribute>
<Attribute name="exhibit_id" id="61B3060E-E70E-E4CE-0724-4F7613C8EE9A">
<createdBy>vkis0001</createdBy>
<createdTime>2023-11-21 04:22:23 UTC</createdTime>
<commentInRDBMS><![CDATA[Exhibit ID]]></commentInRDBMS>
<generatorID>9E6D4B30-64F9-4511-0BA2-3E415EDB4138</generatorID>
<ownerDesignName>mau_logical</ownerDesignName>
<engineerTo>
<item key="257019A9-1216-03C2-9C28-B6842B8F4B72" value="true"/>
</engineerTo>
<referedAttribute>247DCAFD-47D6-861A-74E4-A73616238D66</referedAttribute>
<useDomainConstraints>false</useDomainConstraints>
<use>1</use>
<logicalDatatype>LOGDT019</logicalDatatype>
<dataTypePrecision>7</dataTypePrecision>
<ownDataTypeParameters>,,</ownDataTypeParameters>
</Attribute>
</attributes>
<identifiers itemClass="oracle.dbtools.crest.model.design.logical.CandidateKey">
<identifier id="04C7870A-58A7-DF08-21D9-34C1138026EC" name="SALE PK">
<createdBy>Farisha Jamal</createdBy>
<createdTime>2023-11-18 00:24:32 UTC</createdTime>
<ownerDesignName>mau_logical</ownerDesignName>
<engineerTo>
<item key="257019A9-1216-03C2-9C28-B6842B8F4B72" value="true"/>
</engineerTo>
<pk>true</pk>
<usedAttributes>
<attributeRef>3C254720-D3F7-95E8-8B22-5DC296AB14E7</attributeRef>
</usedAttributes>
</identifier>
</identifiers>
</Entity>
