<?xml version = '1.0' encoding = 'UTF-8'?>
<Diagram class="oracle.dbtools.crest.swingui.relational.DPVRelational" name="Relational_1" id="E89450CC-E6B2-9F63-7626-1E544D8F1EBE">
<createdBy>Farisha Jamal</createdBy>
<modifiedBy>Farisha Jamal</modifiedBy>
<createdTime>2023-11-18 00:01:57 UTC</createdTime>
<autoRoute>false</autoRoute>
<boxInbox>true</boxInbox>
<showLegend>false</showLegend>
<showLabels>false</showLabels>
<showRelAttributes>false</showRelAttributes>
<gridEnabled>false</gridEnabled>
<showGrid>false</showGrid>
<diagramColor>-1</diagramColor>
<display>false</display>
<notation>1</notation>
<objectViews>
<OView class="oracle.dbtools.crest.swingui.relational.TVTable" oid="30FA76FD-9126-B769-8333-852C1952DBAC" otype="Table" vid="BADA036D-0CD4-7207-DFEB-BA0DDA47EAC4">
<hideElementsInCurrentOnly>false</hideElementsInCurrentOnly>
<bounds x="958" y="883" width="261" height="127"/>
</OView>
<OView class="oracle.dbtools.crest.swingui.relational.TVTable" oid="5ED5B125-26FD-5FDA-17E7-3E68483FA36D" otype="Table" vid="64B4E8AC-1E27-20A5-8ABC-BEBD04630649">
<hideElementsInCurrentOnly>false</hideElementsInCurrentOnly>
<bounds x="972" y="632" width="203" height="186"/>
</OView>
<OView class="oracle.dbtools.crest.swingui.relational.TVTable" oid="680EBA44-32C9-8F32-8603-81F082064219" otype="Table" vid="AA7B6320-D6A3-2293-D17D-D2C5DFD271A7">
<hideElementsInCurrentOnly>false</hideElementsInCurrentOnly>
<bounds x="1334" y="384" width="213" height="199"/>
</OView>
<OView class="oracle.dbtools.crest.swingui.relational.TVTable" oid="983A4DF7-CBAC-231D-5644-52B5789F6D56" otype="Table" vid="3F45F436-8D69-B4F8-F1F9-4DF4D18F5B67">
<hideElementsInCurrentOnly>false</hideElementsInCurrentOnly>
<bounds x="562" y="91" width="256" height="175"/>
</OView>
<OView class="oracle.dbtools.crest.swingui.relational.TVTable" oid="B3E21290-B0ED-4263-A950-D07C6E3B90C8" otype="Table" vid="B40F62AF-B9B1-DFBE-2C93-87411A08A95B">
<hideElementsInCurrentOnly>false</hideElementsInCurrentOnly>
<bounds x="231" y="495" width="213" height="96"/>
</OView>
<OView class="oracle.dbtools.crest.swingui.relational.TVTable" oid="BD81893D-7904-4BF7-0621-F45CED25A085" otype="Table" vid="6CF5CED2-72AF-C1AD-5C9F-AE87E9BE99D7">
<hideElementsInCurrentOnly>false</hideElementsInCurrentOnly>
<bounds x="556" y="689" width="311" height="159"/>
</OView>
<OView class="oracle.dbtools.crest.swingui.relational.TVTable" oid="CA168809-8C1C-4B62-20A0-537E77D5DB0A" otype="Table" vid="D3DC93A3-E3CB-70E5-8465-A204C6A6431C">
<hideElementsInCurrentOnly>false</hideElementsInCurrentOnly>
<bounds x="582" y="358" width="236" height="224"/>
</OView>
<OView class="oracle.dbtools.crest.swingui.relational.TVTable" oid="D1375DDB-1A2A-7264-6FA5-01379B408662" otype="Table" vid="4FC9AD1F-C0C0-29A9-670D-29FFF4D89ED4">
<hideElementsInCurrentOnly>false</hideElementsInCurrentOnly>
<bounds x="950" y="379" width="241" height="179"/>
</OView>
<OView class="oracle.dbtools.crest.swingui.relational.TVTable" oid="DF40628D-3C09-5787-4893-AF9F600C4D38" otype="Table" vid="549CB3FE-50B6-2D6F-C1B2-3133881A332A">
<hideElementsInCurrentOnly>false</hideElementsInCurrentOnly>
<bounds x="230" y="340" width="216" height="97"/>
</OView>
</objectViews>
<connectors>
<Connector class="oracle.dbtools.crest.swingui.relational.TVFKRelation" oid="2352854B-49D3-DEA3-B834-E7DC04B68F3B" otype="FKIndexAssociation" vid_source="BADA036D-0CD4-7207-DFEB-BA0DDA47EAC4" vid_target="64B4E8AC-1E27-20A5-8ABC-BEBD04630649">
<hideElementsInCurrentOnly>false</hideElementsInCurrentOnly>
<backgroundColor>-16777216</backgroundColor>
<lineWidth>1</lineWidth>
<points>
<point x="1073" y="883"/>
<point x="1073" y="818"/>
</points>
</Connector>
<Connector class="oracle.dbtools.crest.swingui.relational.TVFKRelation" oid="5F8A6987-1473-9574-7D93-75BC71F9A74E" otype="FKIndexAssociation" vid_source="549CB3FE-50B6-2D6F-C1B2-3133881A332A" vid_target="D3DC93A3-E3CB-70E5-8465-A204C6A6431C">
<hideElementsInCurrentOnly>false</hideElementsInCurrentOnly>
<backgroundColor>-16777216</backgroundColor>
<lineWidth>1</lineWidth>
<points>
<point x="446" y="397"/>
<point x="582" y="397"/>
</points>
</Connector>
<Connector class="oracle.dbtools.crest.swingui.relational.TVFKRelation" oid="6CDD78F4-3758-C172-D536-D73BF9F042A8" otype="FKIndexAssociation" vid_source="3F45F436-8D69-B4F8-F1F9-4DF4D18F5B67" vid_target="3F45F436-8D69-B4F8-F1F9-4DF4D18F5B67">
<hideElementsInCurrentOnly>false</hideElementsInCurrentOnly>
<backgroundColor>-16777216</backgroundColor>
<lineWidth>1</lineWidth>
<points>
<point x="818" y="137"/>
<point x="867" y="137"/>
<point x="867" y="192"/>
<point x="827" y="191"/>
<point x="818" y="191"/>
</points>
</Connector>
<Connector class="oracle.dbtools.crest.swingui.relational.TVFKRelation" oid="6E3F6759-4C64-32B1-926D-86743D7DCE5C" otype="FKIndexAssociation" vid_source="D3DC93A3-E3CB-70E5-8465-A204C6A6431C" vid_target="6CF5CED2-72AF-C1AD-5C9F-AE87E9BE99D7">
<hideElementsInCurrentOnly>false</hideElementsInCurrentOnly>
<backgroundColor>-16777216</backgroundColor>
<lineWidth>1</lineWidth>
<points>
<point x="702" y="582"/>
<point x="702" y="671"/>
<point x="702" y="689"/>
</points>
</Connector>
<Connector class="oracle.dbtools.crest.swingui.relational.TVFKRelation" oid="76111A95-C2A6-AD56-3F1B-58B24C31430F" otype="FKIndexAssociation" vid_source="AA7B6320-D6A3-2293-D17D-D2C5DFD271A7" vid_target="4FC9AD1F-C0C0-29A9-670D-29FFF4D89ED4">
<hideElementsInCurrentOnly>false</hideElementsInCurrentOnly>
<backgroundColor>-16777216</backgroundColor>
<lineWidth>1</lineWidth>
<points>
<point x="1334" y="471"/>
<point x="1191" y="471"/>
</points>
</Connector>
<Connector class="oracle.dbtools.crest.swingui.relational.TVFKRelation" oid="7E315069-67B8-7628-FA41-2FE653EF45BD" otype="FKIndexAssociation" vid_source="4FC9AD1F-C0C0-29A9-670D-29FFF4D89ED4" vid_target="64B4E8AC-1E27-20A5-8ABC-BEBD04630649">
<hideElementsInCurrentOnly>false</hideElementsInCurrentOnly>
<backgroundColor>-16777216</backgroundColor>
<lineWidth>1</lineWidth>
<points>
<point x="1060" y="558"/>
<point x="1059" y="632"/>
</points>
</Connector>
<Connector class="oracle.dbtools.crest.swingui.relational.TVFKRelation" oid="7F6D73A7-B4E3-47ED-54B8-DA53F29588B2" otype="FKIndexAssociation" vid_source="3F45F436-8D69-B4F8-F1F9-4DF4D18F5B67" vid_target="D3DC93A3-E3CB-70E5-8465-A204C6A6431C">
<hideElementsInCurrentOnly>false</hideElementsInCurrentOnly>
<backgroundColor>-16777216</backgroundColor>
<lineWidth>1</lineWidth>
<points>
<point x="700" y="266"/>
<point x="700" y="358"/>
</points>
</Connector>
<Connector class="oracle.dbtools.crest.swingui.relational.TVFKRelation" oid="C02D81E1-E64D-C7C2-998F-02B771467E82" otype="FKIndexAssociation" vid_source="B40F62AF-B9B1-DFBE-2C93-87411A08A95B" vid_target="D3DC93A3-E3CB-70E5-8465-A204C6A6431C">
<hideElementsInCurrentOnly>false</hideElementsInCurrentOnly>
<backgroundColor>-16777216</backgroundColor>
<lineWidth>1</lineWidth>
<points>
<point x="444" y="538"/>
<point x="582" y="538"/>
</points>
</Connector>
<Connector class="oracle.dbtools.crest.swingui.relational.TVFKRelation" oid="FCF4A7DC-CD7F-141A-82BB-2CED050CA2EC" otype="FKIndexAssociation" vid_source="D3DC93A3-E3CB-70E5-8465-A204C6A6431C" vid_target="4FC9AD1F-C0C0-29A9-670D-29FFF4D89ED4">
<hideElementsInCurrentOnly>false</hideElementsInCurrentOnly>
<backgroundColor>-16777216</backgroundColor>
<lineWidth>1</lineWidth>
<points>
<point x="818" y="461"/>
<point x="931" y="461"/>
<point x="950" y="461"/>
</points>
</Connector>
</connectors>
</Diagram>
