<?xml version = '1.0' encoding = 'UTF-8'?>
<Relation class="oracle.dbtools.crest.model.design.logical.Relation" name="artist_artwork" directorySegmentName="seg_0" id="147FBA99-F8DF-25C1-AE2C-54DC65B633FD">
<createdBy>Farisha Jamal</createdBy>
<createdTime>2023-11-18 00:45:39 UTC</createdTime>
<ownerDesignName>mau_logical</ownerDesignName>
<engineerTo>
<item key="257019A9-1216-03C2-9C28-B6842B8F4B72" value="true"/>
</engineerTo>
<sourcePk>63047931-7481-0236-D9F8-4D8A4F8EAABF</sourcePk>
<identifying>false</identifying>
<nameOnSource>creates</nameOnSource>
<nameOnTarget> </nameOnTarget>
<optionalSource>true</optionalSource>
<optionalTarget>false</optionalTarget>
<sourceCardinality>1</sourceCardinality>
<sourceEntity>2E9DF9E6-FD84-8FCB-CF50-582121088B9B</sourceEntity>
<targetCardinalityString>*</targetCardinalityString>
<targetEntity>2D17122F-3247-EBF9-C386-C2B07B027B7F</targetEntity>
<transferable>true</transferable>
<deleteRule>NO ACTION</deleteRule>
</Relation>
