<?xml version = '1.0' encoding = 'UTF-8'?>
<Relation class="oracle.dbtools.crest.model.design.logical.Relation" name="customer_sale" directorySegmentName="seg_0" id="19855D22-BA99-D60D-296B-0201D18D816E">
<createdBy>Farisha Jamal</createdBy>
<createdTime>2023-11-18 00:38:02 UTC</createdTime>
<ownerDesignName>mau_logical</ownerDesignName>
<engineerTo>
<item key="257019A9-1216-03C2-9C28-B6842B8F4B72" value="true"/>
</engineerTo>
<sourcePk>76E91878-89CA-5157-32EE-678959224825</sourcePk>
<identifying>true</identifying>
<nameOnSource>participates_in</nameOnSource>
<nameOnTarget> </nameOnTarget>
<optionalSource>true</optionalSource>
<optionalTarget>false</optionalTarget>
<sourceCardinality>1</sourceCardinality>
<sourceEntity>004DEDD4-2585-2627-281E-01E50A96F279</sourceEntity>
<targetCardinalityString>*</targetCardinalityString>
<targetEntity>CFA86951-ADDB-7750-4D8E-66C0ED4C17B4</targetEntity>
<transferable>true</transferable>
<deleteRule>NO ACTION</deleteRule>
</Relation>
