<?xml version = '1.0' encoding = 'UTF-8'?>
<Relation class="oracle.dbtools.crest.model.design.logical.Relation" name="artist_artist" directorySegmentName="seg_0" id="350C4300-B0BC-0D7F-D204-B58028E3988D">
<createdBy>Farisha Jamal</createdBy>
<createdTime>2023-11-18 00:52:38 UTC</createdTime>
<ownerDesignName>mau_logical</ownerDesignName>
<engineerTo>
<item key="257019A9-1216-03C2-9C28-B6842B8F4B72" value="true"/>
</engineerTo>
<targetPk>63047931-7481-0236-D9F8-4D8A4F8EAABF</targetPk>
<identifying>false</identifying>
<nameOnSource>recommends</nameOnSource>
<nameOnTarget> </nameOnTarget>
<optionalSource>true</optionalSource>
<optionalTarget>false</optionalTarget>
<sourceCardinality>1</sourceCardinality>
<sourceEntity>2E9DF9E6-FD84-8FCB-CF50-582121088B9B</sourceEntity>
<targetCardinalityString>*</targetCardinalityString>
<targetEntity>2E9DF9E6-FD84-8FCB-CF50-582121088B9B</targetEntity>
<transferable>true</transferable>
<deleteRule>NO ACTION</deleteRule>
</Relation>
