<?xml version = '1.0' encoding = 'UTF-8'?>
<Relation class="oracle.dbtools.crest.model.design.logical.Relation" name="artwork_style" directorySegmentName="seg_0" id="39C8342F-184F-C821-F5D0-13014A60571D">
<createdBy>Farisha Jamal</createdBy>
<createdTime>2023-11-18 00:46:43 UTC</createdTime>
<ownerDesignName>mau_logical</ownerDesignName>
<engineerTo>
<item key="257019A9-1216-03C2-9C28-B6842B8F4B72" value="true"/>
</engineerTo>
<sourcePk>7F3BC23D-36C3-BE97-56A9-8D73AC2C5143</sourcePk>
<targetPk>8C8FFBA1-6BE3-52FA-ED1F-9C2D401B5EFC</targetPk>
<identifying>false</identifying>
<nameOnSource>has</nameOnSource>
<nameOnTarget> </nameOnTarget>
<optionalSource>false</optionalSource>
<optionalTarget>false</optionalTarget>
<sourceCardinality>*</sourceCardinality>
<sourceEntity>2D17122F-3247-EBF9-C386-C2B07B027B7F</sourceEntity>
<targetCardinalityString>1</targetCardinalityString>
<targetEntity>2002A397-9BD3-E206-AA5A-A6C06ED76BD8</targetEntity>
<transferable>true</transferable>
<deleteRule>NO ACTION</deleteRule>
</Relation>
