<?xml version = '1.0' encoding = 'UTF-8'?>
<Relation class="oracle.dbtools.crest.model.design.logical.Relation" name="artwork_status" directorySegmentName="seg_0" id="48A017F6-E08A-5887-48E5-FB562200419A">
<createdBy>vkis0001</createdBy>
<createdTime>2023-11-20 15:35:37 UTC</createdTime>
<ownerDesignName>mau_logical</ownerDesignName>
<engineerTo>
<item key="257019A9-1216-03C2-9C28-B6842B8F4B72" value="true"/>
</engineerTo>
<sourcePk>7F3BC23D-36C3-BE97-56A9-8D73AC2C5143</sourcePk>
<identifying>false</identifying>
<nameOnSource>has</nameOnSource>
<nameOnTarget> </nameOnTarget>
<optionalSource>true</optionalSource>
<optionalTarget>false</optionalTarget>
<sourceCardinality>1</sourceCardinality>
<sourceEntity>2D17122F-3247-EBF9-C386-C2B07B027B7F</sourceEntity>
<targetCardinalityString>*</targetCardinalityString>
<targetEntity>7B8F28AC-967F-54FF-236C-865D5B02D6EC</targetEntity>
<transferable>true</transferable>
<deleteRule>NO ACTION</deleteRule>
</Relation>
