<?xml version = '1.0' encoding = 'UTF-8'?>
<Relation class="oracle.dbtools.crest.model.design.logical.Relation" name="artwork_media" directorySegmentName="seg_0" id="5C1E2A42-9E29-C752-3765-D123AC0B8613">
<createdBy>Farisha Jamal</createdBy>
<createdTime>2023-11-18 00:46:04 UTC</createdTime>
<ownerDesignName>mau_logical</ownerDesignName>
<engineerTo>
<item key="257019A9-1216-03C2-9C28-B6842B8F4B72" value="true"/>
</engineerTo>
<targetPk>8A654414-9A67-402C-CB42-E5E0688CA6A4</targetPk>
<identifying>false</identifying>
<nameOnSource>has</nameOnSource>
<nameOnTarget> </nameOnTarget>
<optionalSource>false</optionalSource>
<optionalTarget>false</optionalTarget>
<sourceCardinality>*</sourceCardinality>
<sourceEntity>2D17122F-3247-EBF9-C386-C2B07B027B7F</sourceEntity>
<targetCardinalityString>1</targetCardinalityString>
<targetEntity>5F319C43-287D-6A62-0B41-ED6EC6DF5ED1</targetEntity>
<transferable>true</transferable>
<deleteRule>NO ACTION</deleteRule>
</Relation>
