<?xml version = '1.0' encoding = 'UTF-8'?>
<Relation class="oracle.dbtools.crest.model.design.logical.Relation" name="gallery_exhibit" directorySegmentName="seg_0" id="922B3331-C5D2-FE77-DBFA-139BD1D995D5">
<createdBy>Farisha Jamal</createdBy>
<createdTime>2023-11-18 00:39:15 UTC</createdTime>
<ownerDesignName>mau_logical</ownerDesignName>
<engineerTo>
<item key="257019A9-1216-03C2-9C28-B6842B8F4B72" value="true"/>
</engineerTo>
<sourcePk>E5C84FDB-42EE-21BB-C79E-422C4CB77DBA</sourcePk>
<identifying>true</identifying>
<nameOnSource>holds_an</nameOnSource>
<nameOnTarget> </nameOnTarget>
<optionalSource>true</optionalSource>
<optionalTarget>false</optionalTarget>
<sourceCardinality>1</sourceCardinality>
<sourceEntity>65B917C7-9865-E301-2069-2D1A6E1F3639</sourceEntity>
<targetCardinalityString>*</targetCardinalityString>
<targetEntity>4A7AD69A-AD0F-7DD9-9C34-60F0CA37A6F4</targetEntity>
<transferable>true</transferable>
<deleteRule>NO ACTION</deleteRule>
</Relation>
