<?xml version = '1.0' encoding = 'UTF-8'?>
<Relation class="oracle.dbtools.crest.model.design.logical.Relation" name="exhibit_sale" directorySegmentName="seg_0" id="9E6D4B30-64F9-4511-0BA2-3E415EDB4138">
<createdBy>Farisha Jamal</createdBy>
<createdTime>2023-11-18 00:36:34 UTC</createdTime>
<ownerDesignName>mau_logical</ownerDesignName>
<engineerTo>
<item key="257019A9-1216-03C2-9C28-B6842B8F4B72" value="true"/>
</engineerTo>
<sourcePk>EAF315A3-50F6-D592-A580-446775FFD76E</sourcePk>
<dominantRole>4A7AD69A-AD0F-7DD9-9C34-60F0CA37A6F4</dominantRole>
<identifying>true</identifying>
<nameOnSource>generates</nameOnSource>
<nameOnTarget> </nameOnTarget>
<optionalSource>true</optionalSource>
<optionalTarget>false</optionalTarget>
<sourceCardinality>1</sourceCardinality>
<sourceEntity>4A7AD69A-AD0F-7DD9-9C34-60F0CA37A6F4</sourceEntity>
<targetCardinalityString>1</targetCardinalityString>
<targetEntity>CFA86951-ADDB-7750-4D8E-66C0ED4C17B4</targetEntity>
<transferable>true</transferable>
<deleteRule>NO ACTION</deleteRule>
</Relation>
