<?xml version = '1.0' encoding = 'UTF-8'?>
<Relation class="oracle.dbtools.crest.model.design.logical.Relation" name="exhibit_artwork" directorySegmentName="seg_0" id="CDD84001-0DAE-1AC1-E4F4-FE94B18DE0EB">
<createdBy>jacks</createdBy>
<createdTime>2023-11-18 03:24:31 UTC</createdTime>
<ownerDesignName>mau_logical</ownerDesignName>
<engineerTo>
<item key="257019A9-1216-03C2-9C28-B6842B8F4B72" value="true"/>
</engineerTo>
<sourcePk>EAF315A3-50F6-D592-A580-446775FFD76E</sourcePk>
<targetPk>7F3BC23D-36C3-BE97-56A9-8D73AC2C5143</targetPk>
<identifying>true</identifying>
<nameOnSource> displays</nameOnSource>
<nameOnTarget> </nameOnTarget>
<optionalSource>false</optionalSource>
<optionalTarget>true</optionalTarget>
<sourceCardinality>*</sourceCardinality>
<sourceEntity>4A7AD69A-AD0F-7DD9-9C34-60F0CA37A6F4</sourceEntity>
<targetCardinalityString>1</targetCardinalityString>
<targetEntity>2D17122F-3247-EBF9-C386-C2B07B027B7F</targetEntity>
<transferable>true</transferable>
<deleteRule>NO ACTION</deleteRule>
</Relation>
