<?xml version = '1.0' encoding = 'UTF-8'?>
<Table class="oracle.dbtools.crest.model.design.relational.Table" directorySegmentName="seg_0" id="5ED5B125-26FD-5FDA-17E7-3E68483FA36D" name="SALE">
<createdBy>vkis0001</createdBy>
<createdTime>2023-11-22 08:45:58 UTC</createdTime>
<generatorID>CFA86951-ADDB-7750-4D8E-66C0ED4C17B4</generatorID>
<ownerDesignName>mau_logical</ownerDesignName>
<allowColumnReorder>false</allowColumnReorder>
<existDependencyGenerateInDDl>true</existDependencyGenerateInDDl>
<parsed>true</parsed>
<columns itemClass="oracle.dbtools.crest.model.design.relational.Column">
<Column name="sale_id" id="6C1DABD9-4860-7F95-0719-E578D01536F2">
<createdBy>vkis0001</createdBy>
<createdTime>2023-11-22 08:45:58 UTC</createdTime>
<commentInRDBMS><![CDATA[sale id]]></commentInRDBMS>
<generatorID>3C254720-D3F7-95E8-8B22-5DC296AB14E7</generatorID>
<ownerDesignName>mau_logical</ownerDesignName>
<useDomainConstraints>false</useDomainConstraints>
<use>1</use>
<logicalDatatype>LOGDT019</logicalDatatype>
<dataTypePrecision>7</dataTypePrecision>
<ownDataTypeParameters>,7,</ownDataTypeParameters>
<autoIncrementCycle>false</autoIncrementCycle>
</Column>
<Column name="sale_date" id="EDDAE7E7-92B2-482B-B6B9-DF9BECFD95E2">
<createdBy>vkis0001</createdBy>
<createdTime>2023-11-22 08:45:58 UTC</createdTime>
<commentInRDBMS><![CDATA[date sale was made]]></commentInRDBMS>
<generatorID>C66B2ECB-1F18-6973-0A48-14785DA13347</generatorID>
<ownerDesignName>mau_logical</ownerDesignName>
<useDomainConstraints>false</useDomainConstraints>
<use>1</use>
<logicalDatatype>LOGDT007</logicalDatatype>
<ownDataTypeParameters>,,</ownDataTypeParameters>
<autoIncrementCycle>false</autoIncrementCycle>
</Column>
<Column name="sale_price" id="633B0586-5065-965C-13A7-E282B8932D8C">
<createdBy>vkis0001</createdBy>
<createdTime>2023-11-22 08:45:58 UTC</createdTime>
<commentInRDBMS><![CDATA[sale price]]></commentInRDBMS>
<generatorID>665B2641-227F-715D-3BAE-4D353C8BE8C1</generatorID>
<ownerDesignName>mau_logical</ownerDesignName>
<useDomainConstraints>false</useDomainConstraints>
<use>1</use>
<logicalDatatype>LOGDT024</logicalDatatype>
<dataTypeSize>50</dataTypeSize>
<ownDataTypeParameters>50,,</ownDataTypeParameters>
<autoIncrementCycle>false</autoIncrementCycle>
</Column>
<Column name="customer_id" id="7FCBF3EA-8F26-FA81-DBC0-9B0305B1DD3D">
<createdBy>vkis0001</createdBy>
<createdTime>2023-11-22 08:45:58 UTC</createdTime>
<commentInRDBMS><![CDATA[customer id]]></commentInRDBMS>
<generatorID>460D2F4E-D302-0DCD-7F3E-C52CC4DDCD71</generatorID>
<ownerDesignName>mau_logical</ownerDesignName>
<useDomainConstraints>false</useDomainConstraints>
<use>1</use>
<logicalDatatype>LOGDT019</logicalDatatype>
<dataTypePrecision>7</dataTypePrecision>
<ownDataTypeParameters>,,</ownDataTypeParameters>
<previousColumn>false</previousColumn>
<autoIncrementCycle>false</autoIncrementCycle>
<associations>
<colAssociation fkAssociation="2352854B-49D3-DEA3-B834-E7DC04B68F3B" referredColumn="FB655001-E7E1-C5C0-FADA-EA8DFCFFAC8E"/>
</associations>
</Column>
<Column name="exhibit_id" id="C0753B80-46B1-CC81-AD5C-5991A76F5F1A">
<createdBy>vkis0001</createdBy>
<createdTime>2023-11-22 08:45:58 UTC</createdTime>
<commentInRDBMS><![CDATA[Exhibit ID]]></commentInRDBMS>
<generatorID>61B3060E-E70E-E4CE-0724-4F7613C8EE9A</generatorID>
<ownerDesignName>mau_logical</ownerDesignName>
<useDomainConstraints>false</useDomainConstraints>
<use>1</use>
<logicalDatatype>LOGDT019</logicalDatatype>
<dataTypePrecision>7</dataTypePrecision>
<ownDataTypeParameters>,,</ownDataTypeParameters>
<previousColumn>false</previousColumn>
<autoIncrementCycle>false</autoIncrementCycle>
<associations>
<colAssociation fkAssociation="7E315069-67B8-7628-FA41-2FE653EF45BD" referredColumn="18F690F6-C3D0-AC5E-C449-1DCCBDFEC6DD"/>
</associations>
</Column>
</columns>
<indexes itemClass="oracle.dbtools.crest.model.design.relational.Index">
<ind_PK_UK id="F96314EC-8F63-1156-46E4-21B5E3D087CD" name="SALE_PK">
<createdBy>vkis0001</createdBy>
<createdTime>2023-11-22 08:45:58 UTC</createdTime>
<generatorID>04C7870A-58A7-DF08-21D9-34C1138026EC</generatorID>
<ownerDesignName>mau_logical</ownerDesignName>
<pk>true</pk>
<indexState>Primary Constraint</indexState>
<isSurrogateKey>false</isSurrogateKey>
<indexColumnUsage>
<colUsage columnID="6C1DABD9-4860-7F95-0719-E578D01536F2"/>
</indexColumnUsage>
</ind_PK_UK>
<ind_PK_UK id="D6805F9D-95F9-02AF-87C2-7D9AC38B281C" name="SALE__IDX">
<createdBy>vkis0001</createdBy>
<createdTime>2023-11-22 08:45:58 UTC</createdTime>
<ownerDesignName>mau_logical</ownerDesignName>
<indexState>Unique Plain Index</indexState>
<isSurrogateKey>false</isSurrogateKey>
<relationGeneratorID>9E6D4B30-64F9-4511-0BA2-3E415EDB4138</relationGeneratorID>
<indexColumnUsage>
<colUsage columnID="C0753B80-46B1-CC81-AD5C-5991A76F5F1A"/>
</indexColumnUsage>
</ind_PK_UK>
<ind_PK_UK id="51B20D84-0273-B1DA-04F8-8438669FBB85" name="customer_sale">
<createdBy>vkis0001</createdBy>
<createdTime>2023-11-22 08:45:58 UTC</createdTime>
<generatorID>19855D22-BA99-D60D-296B-0201D18D816E</generatorID>
<ownerDesignName>mau_logical</ownerDesignName>
<indexState>Foreign Key</indexState>
<isSurrogateKey>false</isSurrogateKey>
<indexColumnUsage>
<colUsage columnID="7FCBF3EA-8F26-FA81-DBC0-9B0305B1DD3D"/>
</indexColumnUsage>
</ind_PK_UK>
<ind_PK_UK id="E2CF63CD-921E-8464-4BEF-94789AB4FE01" name="exhibit_sale">
<createdBy>vkis0001</createdBy>
<createdTime>2023-11-22 08:45:58 UTC</createdTime>
<generatorID>9E6D4B30-64F9-4511-0BA2-3E415EDB4138</generatorID>
<ownerDesignName>mau_logical</ownerDesignName>
<indexState>Foreign Key</indexState>
<isSurrogateKey>false</isSurrogateKey>
<indexColumnUsage>
<colUsage columnID="C0753B80-46B1-CC81-AD5C-5991A76F5F1A"/>
</indexColumnUsage>
</ind_PK_UK>
</indexes>
</Table>
