<?xml version = '1.0' encoding = 'UTF-8'?>
<Table class="oracle.dbtools.crest.model.design.relational.Table" directorySegmentName="seg_0" id="983A4DF7-CBAC-231D-5644-52B5789F6D56" name="ARTIST">
<createdBy>vkis0001</createdBy>
<createdTime>2023-11-22 08:45:58 UTC</createdTime>
<generatorID>2E9DF9E6-FD84-8FCB-CF50-582121088B9B</generatorID>
<ownerDesignName>mau_logical</ownerDesignName>
<allowColumnReorder>false</allowColumnReorder>
<existDependencyGenerateInDDl>true</existDependencyGenerateInDDl>
<parsed>true</parsed>
<columns itemClass="oracle.dbtools.crest.model.design.relational.Column">
<Column name="artist_code" id="A04AB0C8-EDAC-CC14-570B-D5B428BF46E5">
<createdBy>vkis0001</createdBy>
<createdTime>2023-11-22 08:45:58 UTC</createdTime>
<commentInRDBMS><![CDATA[artist code]]></commentInRDBMS>
<generatorID>2A4D6234-D52C-4148-6EA5-D92F1F096A98</generatorID>
<ownerDesignName>mau_logical</ownerDesignName>
<useDomainConstraints>false</useDomainConstraints>
<use>1</use>
<logicalDatatype>LOGDT019</logicalDatatype>
<dataTypePrecision>7</dataTypePrecision>
<ownDataTypeParameters>,7,</ownDataTypeParameters>
<autoIncrementCycle>false</autoIncrementCycle>
</Column>
<Column name="artist_given_name" id="2763FEA6-CC11-2DD9-198D-EE5DD28331B2">
<createdBy>vkis0001</createdBy>
<createdTime>2023-11-22 08:45:58 UTC</createdTime>
<commentInRDBMS><![CDATA[artist given name]]></commentInRDBMS>
<generatorID>B708BE0A-0D0B-2BA1-759C-C7104E5DC167</generatorID>
<ownerDesignName>mau_logical</ownerDesignName>
<useDomainConstraints>false</useDomainConstraints>
<use>1</use>
<logicalDatatype>LOGDT024</logicalDatatype>
<dataTypeSize>50</dataTypeSize>
<ownDataTypeParameters>50,,</ownDataTypeParameters>
<autoIncrementCycle>false</autoIncrementCycle>
</Column>
<Column name="artist_family_name" id="5D1845DE-301C-36CD-B2ED-D71960520EF8">
<createdBy>vkis0001</createdBy>
<createdTime>2023-11-22 08:45:58 UTC</createdTime>
<commentInRDBMS><![CDATA[artist family name]]></commentInRDBMS>
<generatorID>86177B07-6B7A-636E-516A-22D9D94B649D</generatorID>
<ownerDesignName>mau_logical</ownerDesignName>
<useDomainConstraints>false</useDomainConstraints>
<use>1</use>
<logicalDatatype>LOGDT024</logicalDatatype>
<dataTypeSize>50</dataTypeSize>
<ownDataTypeParameters>50,,</ownDataTypeParameters>
<autoIncrementCycle>false</autoIncrementCycle>
</Column>
<Column name="artist_address" id="0FD92DA5-8302-6427-962D-23DB5496B0BA">
<createdBy>vkis0001</createdBy>
<createdTime>2023-11-22 08:45:58 UTC</createdTime>
<commentInRDBMS><![CDATA[artist address]]></commentInRDBMS>
<generatorID>0562DC80-A749-86ED-B782-1DB261C8AA19</generatorID>
<ownerDesignName>mau_logical</ownerDesignName>
<useDomainConstraints>false</useDomainConstraints>
<use>1</use>
<logicalDatatype>LOGDT024</logicalDatatype>
<dataTypeSize>50</dataTypeSize>
<ownDataTypeParameters>50,,</ownDataTypeParameters>
<autoIncrementCycle>false</autoIncrementCycle>
</Column>
<Column name="artist_phone" id="44895867-374A-D570-21D7-BC3F93B08B9D">
<createdBy>vkis0001</createdBy>
<createdTime>2023-11-22 08:45:58 UTC</createdTime>
<commentInRDBMS><![CDATA[artist phone number]]></commentInRDBMS>
<generatorID>334FE31F-2BA2-7FC6-3C87-E9F2E00B2D96</generatorID>
<ownerDesignName>mau_logical</ownerDesignName>
<nullsAllowed>true</nullsAllowed>
<useDomainConstraints>false</useDomainConstraints>
<use>1</use>
<logicalDatatype>LOGDT025</logicalDatatype>
<dataTypeSize>10</dataTypeSize>
<ownDataTypeParameters>10,,</ownDataTypeParameters>
<autoIncrementCycle>false</autoIncrementCycle>
</Column>
<Column name="artist_artwork_qty" id="FE8283DD-3D56-2865-04CE-6973FE8B04B8">
<createdBy>vkis0001</createdBy>
<createdTime>2023-11-22 08:45:58 UTC</createdTime>
<commentInRDBMS><![CDATA[artists' number of artwork in stock]]></commentInRDBMS>
<generatorID>8A3DB411-5448-FA69-97A1-899ACA55AA9A</generatorID>
<ownerDesignName>mau_logical</ownerDesignName>
<useDomainConstraints>false</useDomainConstraints>
<use>1</use>
<logicalDatatype>LOGDT019</logicalDatatype>
<dataTypePrecision>7</dataTypePrecision>
<ownDataTypeParameters>,7,</ownDataTypeParameters>
<autoIncrementCycle>false</autoIncrementCycle>
</Column>
<Column name="artist_recommended" id="5594233D-81A5-9BC6-A5D6-5121823F9D70">
<createdBy>vkis0001</createdBy>
<createdTime>2023-11-22 08:45:58 UTC</createdTime>
<commentInRDBMS><![CDATA[artist code]]></commentInRDBMS>
<generatorID>592CC977-85F7-BCC4-65C0-E04426688A77</generatorID>
<ownerDesignName>mau_logical</ownerDesignName>
<useDomainConstraints>false</useDomainConstraints>
<use>1</use>
<logicalDatatype>LOGDT019</logicalDatatype>
<dataTypePrecision>7</dataTypePrecision>
<ownDataTypeParameters>,,</ownDataTypeParameters>
<previousColumn>false</previousColumn>
<autoIncrementCycle>false</autoIncrementCycle>
<associations>
<colAssociation fkAssociation="6CDD78F4-3758-C172-D536-D73BF9F042A8" referredColumn="A04AB0C8-EDAC-CC14-570B-D5B428BF46E5"/>
</associations>
</Column>
</columns>
<indexes itemClass="oracle.dbtools.crest.model.design.relational.Index">
<ind_PK_UK id="FCB3981A-45B9-AC08-460F-B171543E93BC" name="ARTIST_PK">
<createdBy>vkis0001</createdBy>
<createdTime>2023-11-22 08:45:58 UTC</createdTime>
<generatorID>63047931-7481-0236-D9F8-4D8A4F8EAABF</generatorID>
<ownerDesignName>mau_logical</ownerDesignName>
<pk>true</pk>
<indexState>Primary Constraint</indexState>
<isSurrogateKey>false</isSurrogateKey>
<indexColumnUsage>
<colUsage columnID="A04AB0C8-EDAC-CC14-570B-D5B428BF46E5"/>
</indexColumnUsage>
</ind_PK_UK>
<ind_PK_UK id="5DEDB99A-44E9-4C0A-9CFB-D43574F07A25" name="artist_artist">
<createdBy>vkis0001</createdBy>
<createdTime>2023-11-22 08:45:58 UTC</createdTime>
<generatorID>350C4300-B0BC-0D7F-D204-B58028E3988D</generatorID>
<ownerDesignName>mau_logical</ownerDesignName>
<indexState>Foreign Key</indexState>
<isSurrogateKey>false</isSurrogateKey>
<indexColumnUsage>
<colUsage columnID="5594233D-81A5-9BC6-A5D6-5121823F9D70"/>
</indexColumnUsage>
</ind_PK_UK>
</indexes>
</Table>
