<?xml version = '1.0' encoding = 'UTF-8'?>
<Table class="oracle.dbtools.crest.model.design.relational.Table" directorySegmentName="seg_0" id="B3E21290-B0ED-4263-A950-D07C6E3B90C8" name="ARTWORK_STYLE">
<createdBy>vkis0001</createdBy>
<createdTime>2023-11-22 08:45:58 UTC</createdTime>
<generatorID>2002A397-9BD3-E206-AA5A-A6C06ED76BD8</generatorID>
<ownerDesignName>mau_logical</ownerDesignName>
<allowColumnReorder>false</allowColumnReorder>
<existDependencyGenerateInDDl>true</existDependencyGenerateInDDl>
<parsed>true</parsed>
<columns itemClass="oracle.dbtools.crest.model.design.relational.Column">
<Column name="awstyle_id" id="75D9D300-F593-B875-8647-0DAB95CC1981">
<createdBy>vkis0001</createdBy>
<createdTime>2023-11-22 08:45:58 UTC</createdTime>
<commentInRDBMS><![CDATA[Artwork style ID]]></commentInRDBMS>
<generatorID>8408E136-A1CF-DEFB-0CB8-BC0EFE59ADA3</generatorID>
<ownerDesignName>mau_logical</ownerDesignName>
<useDomainConstraints>false</useDomainConstraints>
<use>1</use>
<logicalDatatype>LOGDT019</logicalDatatype>
<dataTypePrecision>7</dataTypePrecision>
<ownDataTypeParameters>,7,</ownDataTypeParameters>
<autoIncrementCycle>false</autoIncrementCycle>
</Column>
<Column name="awstyle_name" id="3D1172DD-CC6A-72AE-3F3A-4846C4E76A75">
<createdBy>vkis0001</createdBy>
<createdTime>2023-11-22 08:45:58 UTC</createdTime>
<commentInRDBMS><![CDATA[style name]]></commentInRDBMS>
<generatorID>59155191-C2E8-A95E-ABAE-FE8F481AA72F</generatorID>
<ownerDesignName>mau_logical</ownerDesignName>
<useDomainConstraints>false</useDomainConstraints>
<use>1</use>
<logicalDatatype>LOGDT024</logicalDatatype>
<dataTypeSize>50</dataTypeSize>
<ownDataTypeParameters>50,,</ownDataTypeParameters>
<autoIncrementCycle>false</autoIncrementCycle>
</Column>
<Column name="awstyle_desc" id="DBDA7FA0-DAAD-D77B-25A6-34599233CDA1">
<createdBy>vkis0001</createdBy>
<createdTime>2023-11-22 08:45:58 UTC</createdTime>
<commentInRDBMS><![CDATA[style description]]></commentInRDBMS>
<generatorID>ECDDE978-F41C-70DD-A035-F1C7014230BE</generatorID>
<ownerDesignName>mau_logical</ownerDesignName>
<nullsAllowed>true</nullsAllowed>
<useDomainConstraints>false</useDomainConstraints>
<use>1</use>
<logicalDatatype>LOGDT024</logicalDatatype>
<dataTypeSize>50</dataTypeSize>
<ownDataTypeParameters>50,,</ownDataTypeParameters>
<autoIncrementCycle>false</autoIncrementCycle>
</Column>
</columns>
<indexes itemClass="oracle.dbtools.crest.model.design.relational.Index">
<ind_PK_UK id="F0E710AD-6C6B-86CB-01AA-65E8058ED35B" name="STYLE_PK">
<createdBy>vkis0001</createdBy>
<createdTime>2023-11-22 08:45:58 UTC</createdTime>
<generatorID>8C8FFBA1-6BE3-52FA-ED1F-9C2D401B5EFC</generatorID>
<ownerDesignName>mau_logical</ownerDesignName>
<pk>true</pk>
<indexState>Primary Constraint</indexState>
<isSurrogateKey>false</isSurrogateKey>
<indexColumnUsage>
<colUsage columnID="75D9D300-F593-B875-8647-0DAB95CC1981"/>
</indexColumnUsage>
</ind_PK_UK>
</indexes>
</Table>
