<?xml version = '1.0' encoding = 'UTF-8'?>
<Table class="oracle.dbtools.crest.model.design.relational.Table" directorySegmentName="seg_0" id="BD81893D-7904-4BF7-0621-F45CED25A085" name="STATUS">
<createdBy>vkis0001</createdBy>
<createdTime>2023-11-22 08:45:58 UTC</createdTime>
<generatorID>7B8F28AC-967F-54FF-236C-865D5B02D6EC</generatorID>
<ownerDesignName>mau_logical</ownerDesignName>
<allowColumnReorder>false</allowColumnReorder>
<existDependencyGenerateInDDl>true</existDependencyGenerateInDDl>
<parsed>true</parsed>
<columns itemClass="oracle.dbtools.crest.model.design.relational.Column">
<Column name="status_code" id="744906C6-88BE-0BA6-01D7-60F3A2043C6B">
<createdBy>vkis0001</createdBy>
<createdTime>2023-11-22 08:45:58 UTC</createdTime>
<commentInRDBMS><![CDATA[Artwork status code (Surrogate key)]]></commentInRDBMS>
<generatorID>0DB5350E-285D-2E62-B792-76B07DD66A47</generatorID>
<ownerDesignName>mau_logical</ownerDesignName>
<useDomainConstraints>false</useDomainConstraints>
<use>1</use>
<logicalDatatype>LOGDT019</logicalDatatype>
<dataTypePrecision>7</dataTypePrecision>
<ownDataTypeParameters>,7,</ownDataTypeParameters>
<autoIncrementCycle>false</autoIncrementCycle>
</Column>
<Column name="status_date" id="1907E700-AF9F-4AF9-4CA0-0489E95BF193">
<createdBy>vkis0001</createdBy>
<createdTime>2023-11-22 08:45:58 UTC</createdTime>
<commentInRDBMS><![CDATA[date the  status commenced]]></commentInRDBMS>
<generatorID>10D86F3F-2612-70A3-7B52-CAC9FB31222D</generatorID>
<ownerDesignName>mau_logical</ownerDesignName>
<useDomainConstraints>false</useDomainConstraints>
<use>1</use>
<logicalDatatype>LOGDT007</logicalDatatype>
<ownDataTypeParameters>,,</ownDataTypeParameters>
<autoIncrementCycle>false</autoIncrementCycle>
</Column>
<Column name="status_of_artwork" id="9D256025-420B-262E-0DD8-1F435F09FBDD">
<createdBy>vkis0001</createdBy>
<createdTime>2023-11-22 08:45:58 UTC</createdTime>
<commentInRDBMS><![CDATA[description of the status]]></commentInRDBMS>
<generatorID>8D51B6E4-046B-BB1A-B76F-CAF4DFB6A6A1</generatorID>
<ownerDesignName>mau_logical</ownerDesignName>
<useDomainConstraints>false</useDomainConstraints>
<use>1</use>
<logicalDatatype>LOGDT025</logicalDatatype>
<dataTypeSize>50 CHAR</dataTypeSize>
<ownDataTypeParameters>50 CHAR,,</ownDataTypeParameters>
<autoIncrementCycle>false</autoIncrementCycle>
</Column>
<Column name="artwork_code" id="B8C250E0-271F-CB35-1534-D970FFC12007">
<createdBy>vkis0001</createdBy>
<createdTime>2023-11-22 08:45:58 UTC</createdTime>
<commentInRDBMS><![CDATA[Artwork code (surrogate PK)]]></commentInRDBMS>
<generatorID>986A1416-09A5-ECFB-363B-4F356C8FD3BD</generatorID>
<ownerDesignName>mau_logical</ownerDesignName>
<useDomainConstraints>false</useDomainConstraints>
<use>1</use>
<logicalDatatype>LOGDT019</logicalDatatype>
<dataTypePrecision>7</dataTypePrecision>
<ownDataTypeParameters>,,</ownDataTypeParameters>
<previousColumn>false</previousColumn>
<autoIncrementCycle>false</autoIncrementCycle>
<associations>
<colAssociation fkAssociation="6E3F6759-4C64-32B1-926D-86743D7DCE5C" referredColumn="B2F5B04B-5E06-CA24-EF0B-483945A51AE0"/>
</associations>
</Column>
</columns>
<indexes itemClass="oracle.dbtools.crest.model.design.relational.Index">
<ind_PK_UK id="0FCDA431-BA5D-10C4-0CED-9D11F2C867A0" name="STATUS_PK">
<createdBy>vkis0001</createdBy>
<createdTime>2023-11-22 08:45:58 UTC</createdTime>
<generatorID>EFC64444-B4D4-2177-C052-7BC75868B20E</generatorID>
<ownerDesignName>mau_logical</ownerDesignName>
<pk>true</pk>
<indexState>Primary Constraint</indexState>
<isSurrogateKey>false</isSurrogateKey>
<indexColumnUsage>
<colUsage columnID="744906C6-88BE-0BA6-01D7-60F3A2043C6B"/>
</indexColumnUsage>
</ind_PK_UK>
<ind_PK_UK id="60980F77-2DAC-D25F-E6D3-B1EB9B7B57CB" name="STATUS_NK">
<createdBy>vkis0001</createdBy>
<createdTime>2023-11-22 08:45:58 UTC</createdTime>
<generatorID>EF571306-6549-D0F1-B295-8400D6551150</generatorID>
<ownerDesignName>mau_logical</ownerDesignName>
<indexState>Unique Constraint</indexState>
<isSurrogateKey>false</isSurrogateKey>
<indexColumnUsage>
<colUsage columnID="1907E700-AF9F-4AF9-4CA0-0489E95BF193"/>
<colUsage columnID="9D256025-420B-262E-0DD8-1F435F09FBDD"/>
<colUsage columnID="B8C250E0-271F-CB35-1534-D970FFC12007"/>
</indexColumnUsage>
</ind_PK_UK>
<ind_PK_UK id="4432C446-D15F-35D0-534A-9B59F68EBCE0" name="artwork_status">
<createdBy>vkis0001</createdBy>
<createdTime>2023-11-22 08:45:58 UTC</createdTime>
<generatorID>48A017F6-E08A-5887-48E5-FB562200419A</generatorID>
<ownerDesignName>mau_logical</ownerDesignName>
<indexState>Foreign Key</indexState>
<isSurrogateKey>false</isSurrogateKey>
<indexColumnUsage>
<colUsage columnID="B8C250E0-271F-CB35-1534-D970FFC12007"/>
</indexColumnUsage>
</ind_PK_UK>
</indexes>
</Table>
