<?xml version = '1.0' encoding = 'UTF-8'?>
<Table class="oracle.dbtools.crest.model.design.relational.Table" directorySegmentName="seg_0" id="CA168809-8C1C-4B62-20A0-537E77D5DB0A" name="ARTWORK">
<createdBy>vkis0001</createdBy>
<createdTime>2023-11-22 08:45:58 UTC</createdTime>
<generatorID>2D17122F-3247-EBF9-C386-C2B07B027B7F</generatorID>
<ownerDesignName>mau_logical</ownerDesignName>
<allowColumnReorder>false</allowColumnReorder>
<existDependencyGenerateInDDl>true</existDependencyGenerateInDDl>
<parsed>true</parsed>
<columns itemClass="oracle.dbtools.crest.model.design.relational.Column">
<Column name="artwork_code" id="B2F5B04B-5E06-CA24-EF0B-483945A51AE0">
<createdBy>vkis0001</createdBy>
<createdTime>2023-11-22 08:45:58 UTC</createdTime>
<commentInRDBMS><![CDATA[Artwork code (surrogate PK)]]></commentInRDBMS>
<generatorID>2DB58F89-99E0-6F87-6593-36FCD9FC2072</generatorID>
<ownerDesignName>mau_logical</ownerDesignName>
<useDomainConstraints>false</useDomainConstraints>
<use>1</use>
<logicalDatatype>LOGDT019</logicalDatatype>
<dataTypePrecision>7</dataTypePrecision>
<ownDataTypeParameters>,7,</ownDataTypeParameters>
<autoIncrementCycle>false</autoIncrementCycle>
</Column>
<Column name="artwork_no" id="454A2A93-EA97-DD81-A3BE-3A24DA9A8396">
<createdBy>vkis0001</createdBy>
<createdTime>2023-11-22 08:45:58 UTC</createdTime>
<commentInRDBMS><![CDATA[artwork number]]></commentInRDBMS>
<generatorID>9C1E735C-33F4-F704-8C55-338EA9F1737E</generatorID>
<ownerDesignName>mau_logical</ownerDesignName>
<useDomainConstraints>false</useDomainConstraints>
<use>1</use>
<logicalDatatype>LOGDT019</logicalDatatype>
<dataTypePrecision>7</dataTypePrecision>
<ownDataTypeParameters>,7,</ownDataTypeParameters>
<autoIncrementCycle>false</autoIncrementCycle>
</Column>
<Column name="artwork_title" id="92E6A951-D72E-CDD6-73FE-F6399089BADC">
<createdBy>vkis0001</createdBy>
<createdTime>2023-11-22 08:45:58 UTC</createdTime>
<commentInRDBMS><![CDATA[artwork title]]></commentInRDBMS>
<generatorID>1C2F9D7A-ABB6-397A-F880-39E8FCB3BC28</generatorID>
<ownerDesignName>mau_logical</ownerDesignName>
<useDomainConstraints>false</useDomainConstraints>
<use>1</use>
<logicalDatatype>LOGDT024</logicalDatatype>
<dataTypeSize>50</dataTypeSize>
<ownDataTypeParameters>50,,</ownDataTypeParameters>
<autoIncrementCycle>false</autoIncrementCycle>
</Column>
<Column name="artwork_date_added" id="C014C932-1D31-4E7F-EE33-00015E0E8790">
<createdBy>vkis0001</createdBy>
<createdTime>2023-11-22 08:45:58 UTC</createdTime>
<commentInRDBMS><![CDATA[artwork accepted date / artwork added to stock date.]]></commentInRDBMS>
<generatorID>D3ED614D-2290-9B66-491A-864746D39DA7</generatorID>
<ownerDesignName>mau_logical</ownerDesignName>
<useDomainConstraints>false</useDomainConstraints>
<use>1</use>
<logicalDatatype>LOGDT007</logicalDatatype>
<ownDataTypeParameters>,,</ownDataTypeParameters>
<autoIncrementCycle>false</autoIncrementCycle>
</Column>
<Column name="artwork_min_price" id="45B56ED8-BD50-B228-324E-D57386D88F10">
<createdBy>vkis0001</createdBy>
<createdTime>2023-11-22 08:45:58 UTC</createdTime>
<commentInRDBMS><![CDATA[artwork minimum price]]></commentInRDBMS>
<generatorID>25014F49-344D-96A6-A408-DB937766C65B</generatorID>
<ownerDesignName>mau_logical</ownerDesignName>
<useDomainConstraints>false</useDomainConstraints>
<use>1</use>
<logicalDatatype>LOGDT024</logicalDatatype>
<dataTypeSize>50</dataTypeSize>
<ownDataTypeParameters>50,,</ownDataTypeParameters>
<autoIncrementCycle>false</autoIncrementCycle>
</Column>
<Column name="artist_code" id="3E79A3F0-5699-28DD-5CA3-27EC6D1B983C">
<createdBy>vkis0001</createdBy>
<createdTime>2023-11-22 08:45:58 UTC</createdTime>
<commentInRDBMS><![CDATA[artist code]]></commentInRDBMS>
<generatorID>467A856B-8059-6F52-489A-4E31C8C6DC70</generatorID>
<ownerDesignName>mau_logical</ownerDesignName>
<useDomainConstraints>false</useDomainConstraints>
<use>1</use>
<logicalDatatype>LOGDT019</logicalDatatype>
<dataTypePrecision>7</dataTypePrecision>
<ownDataTypeParameters>,,</ownDataTypeParameters>
<previousColumn>false</previousColumn>
<autoIncrementCycle>false</autoIncrementCycle>
<associations>
<colAssociation fkAssociation="7F6D73A7-B4E3-47ED-54B8-DA53F29588B2" referredColumn="A04AB0C8-EDAC-CC14-570B-D5B428BF46E5"/>
</associations>
</Column>
<Column name="awmedia_id" id="5234DD9E-ABEF-8834-6553-6FE22301B509">
<createdBy>vkis0001</createdBy>
<createdTime>2023-11-22 08:45:58 UTC</createdTime>
<commentInRDBMS><![CDATA[Artwork style ID]]></commentInRDBMS>
<generatorID>D345A348-47EA-D27E-8371-309182934B14</generatorID>
<ownerDesignName>mau_logical</ownerDesignName>
<useDomainConstraints>false</useDomainConstraints>
<use>1</use>
<logicalDatatype>LOGDT019</logicalDatatype>
<dataTypePrecision>7</dataTypePrecision>
<ownDataTypeParameters>,,</ownDataTypeParameters>
<previousColumn>false</previousColumn>
<autoIncrementCycle>false</autoIncrementCycle>
<associations>
<colAssociation fkAssociation="5F8A6987-1473-9574-7D93-75BC71F9A74E" referredColumn="FA794566-9873-52D9-123A-B67AE31CC6FC"/>
</associations>
</Column>
<Column name="awstyle_id" id="18BB6199-D2FD-1873-0DF9-B8C124EA4329">
<createdBy>vkis0001</createdBy>
<createdTime>2023-11-22 08:45:58 UTC</createdTime>
<commentInRDBMS><![CDATA[Artwork style ID]]></commentInRDBMS>
<generatorID>67042BCC-7C27-BF84-1942-DC800205F763</generatorID>
<ownerDesignName>mau_logical</ownerDesignName>
<useDomainConstraints>false</useDomainConstraints>
<use>1</use>
<logicalDatatype>LOGDT019</logicalDatatype>
<dataTypePrecision>7</dataTypePrecision>
<ownDataTypeParameters>,,</ownDataTypeParameters>
<previousColumn>false</previousColumn>
<autoIncrementCycle>false</autoIncrementCycle>
<associations>
<colAssociation fkAssociation="C02D81E1-E64D-C7C2-998F-02B771467E82" referredColumn="75D9D300-F593-B875-8647-0DAB95CC1981"/>
</associations>
</Column>
</columns>
<indexes itemClass="oracle.dbtools.crest.model.design.relational.Index">
<ind_PK_UK id="EA32DA00-7AC4-C08A-566D-BC8CD6F59CD3" name="ARTWORK_PK">
<createdBy>vkis0001</createdBy>
<createdTime>2023-11-22 08:45:58 UTC</createdTime>
<generatorID>7F3BC23D-36C3-BE97-56A9-8D73AC2C5143</generatorID>
<ownerDesignName>mau_logical</ownerDesignName>
<pk>true</pk>
<indexState>Primary Constraint</indexState>
<isSurrogateKey>false</isSurrogateKey>
<indexColumnUsage>
<colUsage columnID="B2F5B04B-5E06-CA24-EF0B-483945A51AE0"/>
</indexColumnUsage>
</ind_PK_UK>
<ind_PK_UK id="A42F07F2-608A-84FA-EBE1-03C34744790E" name="ARTWORK_NK">
<createdBy>vkis0001</createdBy>
<createdTime>2023-11-22 08:45:58 UTC</createdTime>
<generatorID>E2CE50EF-273C-9E66-AED4-C101558BEF62</generatorID>
<ownerDesignName>mau_logical</ownerDesignName>
<indexState>Unique Constraint</indexState>
<isSurrogateKey>false</isSurrogateKey>
<indexColumnUsage>
<colUsage columnID="454A2A93-EA97-DD81-A3BE-3A24DA9A8396"/>
<colUsage columnID="3E79A3F0-5699-28DD-5CA3-27EC6D1B983C"/>
</indexColumnUsage>
</ind_PK_UK>
<ind_PK_UK id="AA5485A1-6FCE-4B14-672D-B9D8F96FD90B" name="artist_artwork">
<createdBy>vkis0001</createdBy>
<createdTime>2023-11-22 08:45:58 UTC</createdTime>
<generatorID>147FBA99-F8DF-25C1-AE2C-54DC65B633FD</generatorID>
<ownerDesignName>mau_logical</ownerDesignName>
<indexState>Foreign Key</indexState>
<isSurrogateKey>false</isSurrogateKey>
<indexColumnUsage>
<colUsage columnID="3E79A3F0-5699-28DD-5CA3-27EC6D1B983C"/>
</indexColumnUsage>
</ind_PK_UK>
<ind_PK_UK id="B1AEACF9-D086-F01E-57DE-6741E4DE149C" name="artwork_media">
<createdBy>vkis0001</createdBy>
<createdTime>2023-11-22 08:45:58 UTC</createdTime>
<generatorID>5C1E2A42-9E29-C752-3765-D123AC0B8613</generatorID>
<ownerDesignName>mau_logical</ownerDesignName>
<indexState>Foreign Key</indexState>
<isSurrogateKey>false</isSurrogateKey>
<indexColumnUsage>
<colUsage columnID="5234DD9E-ABEF-8834-6553-6FE22301B509"/>
</indexColumnUsage>
</ind_PK_UK>
<ind_PK_UK id="29C1AF33-B87D-49C8-0F99-F4EB43E3538F" name="artwork_style">
<createdBy>vkis0001</createdBy>
<createdTime>2023-11-22 08:45:58 UTC</createdTime>
<generatorID>39C8342F-184F-C821-F5D0-13014A60571D</generatorID>
<ownerDesignName>mau_logical</ownerDesignName>
<indexState>Foreign Key</indexState>
<isSurrogateKey>false</isSurrogateKey>
<indexColumnUsage>
<colUsage columnID="18BB6199-D2FD-1873-0DF9-B8C124EA4329"/>
</indexColumnUsage>
</ind_PK_UK>
</indexes>
</Table>
