<?xml version = '1.0' encoding = 'UTF-8'?>
<Table class="oracle.dbtools.crest.model.design.relational.Table" directorySegmentName="seg_0" id="D1375DDB-1A2A-7264-6FA5-01379B408662" name="EXHIBIT">
<createdBy>vkis0001</createdBy>
<createdTime>2023-11-22 08:45:58 UTC</createdTime>
<generatorID>4A7AD69A-AD0F-7DD9-9C34-60F0CA37A6F4</generatorID>
<ownerDesignName>mau_logical</ownerDesignName>
<allowColumnReorder>false</allowColumnReorder>
<existDependencyGenerateInDDl>true</existDependencyGenerateInDDl>
<parsed>true</parsed>
<columns itemClass="oracle.dbtools.crest.model.design.relational.Column">
<Column name="exhibit_id" id="18F690F6-C3D0-AC5E-C449-1DCCBDFEC6DD">
<createdBy>vkis0001</createdBy>
<createdTime>2023-11-22 08:45:58 UTC</createdTime>
<commentInRDBMS><![CDATA[Exhibit ID]]></commentInRDBMS>
<generatorID>247DCAFD-47D6-861A-74E4-A73616238D66</generatorID>
<ownerDesignName>mau_logical</ownerDesignName>
<useDomainConstraints>false</useDomainConstraints>
<use>1</use>
<logicalDatatype>LOGDT019</logicalDatatype>
<dataTypePrecision>7</dataTypePrecision>
<ownDataTypeParameters>,7,</ownDataTypeParameters>
<autoIncrementCycle>false</autoIncrementCycle>
</Column>
<Column name="artwork_code" id="61C22FB1-A3B7-6F6D-C0B8-D46945DF8D56">
<createdBy>vkis0001</createdBy>
<createdTime>2023-11-22 08:45:58 UTC</createdTime>
<commentInRDBMS><![CDATA[Artwork code (surrogate PK)]]></commentInRDBMS>
<generatorID>B04A2544-80A7-5F12-334F-893D47442B7C</generatorID>
<ownerDesignName>mau_logical</ownerDesignName>
<useDomainConstraints>false</useDomainConstraints>
<use>1</use>
<logicalDatatype>LOGDT019</logicalDatatype>
<dataTypePrecision>7</dataTypePrecision>
<ownDataTypeParameters>,,</ownDataTypeParameters>
<previousColumn>false</previousColumn>
<autoIncrementCycle>false</autoIncrementCycle>
<associations>
<colAssociation fkAssociation="FCF4A7DC-CD7F-141A-82BB-2CED050CA2EC" referredColumn="B2F5B04B-5E06-CA24-EF0B-483945A51AE0"/>
</associations>
</Column>
<Column name="gal_id" id="9FDDCCD5-6742-C487-882D-D88DE25FA1BC">
<createdBy>vkis0001</createdBy>
<createdTime>2023-11-22 08:45:58 UTC</createdTime>
<commentInRDBMS><![CDATA[gallery id]]></commentInRDBMS>
<generatorID>B955DF64-2F96-3312-0704-ADC0C15F386F</generatorID>
<ownerDesignName>mau_logical</ownerDesignName>
<useDomainConstraints>false</useDomainConstraints>
<use>1</use>
<logicalDatatype>LOGDT019</logicalDatatype>
<dataTypePrecision>7</dataTypePrecision>
<ownDataTypeParameters>,,</ownDataTypeParameters>
<previousColumn>false</previousColumn>
<autoIncrementCycle>false</autoIncrementCycle>
<associations>
<colAssociation fkAssociation="76111A95-C2A6-AD56-3F1B-58B24C31430F" referredColumn="B1B174BA-A24E-A75C-5970-E5C023FE4238"/>
</associations>
</Column>
<Column name="exhibit_date_start" id="509EDAA7-865E-2044-5024-E6988B8E5611">
<createdBy>vkis0001</createdBy>
<createdTime>2023-11-22 08:45:58 UTC</createdTime>
<commentInRDBMS><![CDATA[exhibit start date]]></commentInRDBMS>
<generatorID>B57BE743-7AFB-DC41-DEC1-AA150942B6D7</generatorID>
<ownerDesignName>mau_logical</ownerDesignName>
<useDomainConstraints>false</useDomainConstraints>
<use>1</use>
<logicalDatatype>LOGDT007</logicalDatatype>
<ownDataTypeParameters>,,</ownDataTypeParameters>
<autoIncrementCycle>false</autoIncrementCycle>
</Column>
<Column name="exhibit_date_end" id="A3ABCF6E-CEC3-ED27-C012-A1DDA4ADEFF7">
<createdBy>vkis0001</createdBy>
<createdTime>2023-11-22 08:45:58 UTC</createdTime>
<commentInRDBMS><![CDATA[exhibit end date]]></commentInRDBMS>
<generatorID>AA4E1B9B-855E-885D-639F-53BD75C5012A</generatorID>
<ownerDesignName>mau_logical</ownerDesignName>
<useDomainConstraints>false</useDomainConstraints>
<use>1</use>
<logicalDatatype>LOGDT007</logicalDatatype>
<ownDataTypeParameters>,,</ownDataTypeParameters>
<autoIncrementCycle>false</autoIncrementCycle>
</Column>
<Column name="exhibit_artwork_in_cat" id="552C4967-37C1-C19F-6632-B45F64456F22">
<createdBy>vkis0001</createdBy>
<createdTime>2023-11-22 08:45:58 UTC</createdTime>
<commentInRDBMS><![CDATA[yes/no for if artwork is featured in the display's catalog.]]></commentInRDBMS>
<generatorID>5A4A6E45-281A-002C-634F-2252E68B75AE</generatorID>
<ownerDesignName>mau_logical</ownerDesignName>
<useDomainConstraints>false</useDomainConstraints>
<use>1</use>
<logicalDatatype>LOGDT024</logicalDatatype>
<dataTypeSize>3</dataTypeSize>
<ownDataTypeParameters>3,,</ownDataTypeParameters>
<autoIncrementCycle>false</autoIncrementCycle>
</Column>
</columns>
<indexes itemClass="oracle.dbtools.crest.model.design.relational.Index">
<ind_PK_UK id="8A2E0E5E-09F5-F333-F572-0CB5A4A6662E" name="EXHIBIT_PK">
<createdBy>vkis0001</createdBy>
<createdTime>2023-11-22 08:45:58 UTC</createdTime>
<generatorID>EAF315A3-50F6-D592-A580-446775FFD76E</generatorID>
<ownerDesignName>mau_logical</ownerDesignName>
<pk>true</pk>
<indexState>Primary Constraint</indexState>
<isSurrogateKey>false</isSurrogateKey>
<indexColumnUsage>
<colUsage columnID="18F690F6-C3D0-AC5E-C449-1DCCBDFEC6DD"/>
</indexColumnUsage>
</ind_PK_UK>
<ind_PK_UK id="19E026A3-4122-FEEC-6D1E-E08D8699BD2F" name="exhibit_artwork">
<createdBy>vkis0001</createdBy>
<createdTime>2023-11-22 08:45:58 UTC</createdTime>
<generatorID>CDD84001-0DAE-1AC1-E4F4-FE94B18DE0EB</generatorID>
<ownerDesignName>mau_logical</ownerDesignName>
<indexState>Foreign Key</indexState>
<isSurrogateKey>false</isSurrogateKey>
<indexColumnUsage>
<colUsage columnID="61C22FB1-A3B7-6F6D-C0B8-D46945DF8D56"/>
</indexColumnUsage>
</ind_PK_UK>
<ind_PK_UK id="774B6444-D052-0FEE-9396-DA3D0F4C20F9" name="gallery_exhibit">
<createdBy>vkis0001</createdBy>
<createdTime>2023-11-22 08:45:58 UTC</createdTime>
<generatorID>922B3331-C5D2-FE77-DBFA-139BD1D995D5</generatorID>
<ownerDesignName>mau_logical</ownerDesignName>
<indexState>Foreign Key</indexState>
<isSurrogateKey>false</isSurrogateKey>
<indexColumnUsage>
<colUsage columnID="9FDDCCD5-6742-C487-882D-D88DE25FA1BC"/>
</indexColumnUsage>
</ind_PK_UK>
</indexes>
</Table>
