<?xml version = '1.0' encoding = 'UTF-8'?>
<relationalModel class="oracle.dbtools.crest.model.design.relational.RelationalDesign" name="Relational_1" id="257019A9-1216-03C2-9C28-B6842B8F4B72" mainViewID="E89450CC-E6B2-9F63-7626-1E544D8F1EBE">
<createdBy>Farisha Jamal</createdBy>
<createdTime>2023-11-18 00:01:05 UTC</createdTime>
<ownerDesignName>mau_logical</ownerDesignName>
<shouldBeOpen>false</shouldBeOpen>
<selectedRDBMSSite>32076570-2523-435C-2E92-BF29817DFF70</selectedRDBMSSite>
</relationalModel>