<?xml version = '1.0' encoding = 'UTF-8'?>
<Diagram class="oracle.dbtools.crest.swingui.logical.DPVLogical" name="Logical" id="AC1CF485-0970-1185-D7A0-0B7673712E52">
<createdBy>G20 (Farisha Jamal, Virag Kiss, Jack Lovett)</createdBy>
<modifiedBy>G20 (Farisha Jamal, Virag Kiss, Jack Lovett)</modifiedBy>
<createdTime>2023-11-18 00:01:08 UTC</createdTime>
<autoRoute>false</autoRoute>
<boxInbox>true</boxInbox>
<showLegend>true</showLegend>
<showLabels>true</showLabels>
<showRelAttributes>false</showRelAttributes>
<gridEnabled>false</gridEnabled>
<showGrid>false</showGrid>
<diagramColor>-1</diagramColor>
<legendPosX>181</legendPosX>
<legendPosY>105</legendPosY>
<display>false</display>
<notation>2</notation>
<showAllDetails>false</showAllDetails>
<showElements>true</showElements>
<objectViews>
<OView class="oracle.dbtools.crest.swingui.logical.TVEntity" oid="004DEDD4-2585-2627-281E-01E50A96F279" otype="Entity" vid="195A91F5-20F9-4757-4851-50F0A78CA459">
<hideElementsInCurrentOnly>false</hideElementsInCurrentOnly>
<bounds x="994" y="902" width="170" height="113"/>
</OView>
<OView class="oracle.dbtools.crest.swingui.logical.TVEntity" oid="2002A397-9BD3-E206-AA5A-A6C06ED76BD8" otype="Entity" vid="C6268409-2101-835A-37B1-6C599424D1E4">
<hideElementsInCurrentOnly>false</hideElementsInCurrentOnly>
<bounds x="220" y="470" width="170" height="70"/>
</OView>
<OView class="oracle.dbtools.crest.swingui.logical.TVEntity" oid="2D17122F-3247-EBF9-C386-C2B07B027B7F" otype="Entity" vid="78C2CA08-3A93-545F-5AB5-2DC7E13DD786">
<hideElementsInCurrentOnly>false</hideElementsInCurrentOnly>
<bounds x="582" y="358" width="170" height="205"/>
</OView>
<OView class="oracle.dbtools.crest.swingui.logical.TVEntity" oid="2E9DF9E6-FD84-8FCB-CF50-582121088B9B" otype="Entity" vid="54D89370-691A-C2FE-815C-1C013E0AD99E">
<hideElementsInCurrentOnly>false</hideElementsInCurrentOnly>
<bounds x="586" y="129" width="170" height="130"/>
</OView>
<OView class="oracle.dbtools.crest.swingui.logical.TVEntity" oid="4A7AD69A-AD0F-7DD9-9C34-60F0CA37A6F4" otype="Entity" vid="DF546E92-5248-5981-56B4-0F2EA82D38BE">
<hideElementsInCurrentOnly>false</hideElementsInCurrentOnly>
<bounds x="982" y="379" width="176" height="158"/>
</OView>
<OView class="oracle.dbtools.crest.swingui.logical.TVEntity" oid="5F319C43-287D-6A62-0B41-ED6EC6DF5ED1" otype="Entity" vid="BF685E39-A2A8-64D4-281E-83E326EB1084">
<hideElementsInCurrentOnly>false</hideElementsInCurrentOnly>
<bounds x="224" y="338" width="170" height="70"/>
</OView>
<OView class="oracle.dbtools.crest.swingui.logical.TVEntity" oid="65B917C7-9865-E301-2069-2D1A6E1F3639" otype="Entity" vid="4A6DE312-0E20-00FD-9950-82593A5902DA">
<hideElementsInCurrentOnly>false</hideElementsInCurrentOnly>
<bounds x="1377" y="384" width="170" height="195"/>
</OView>
<OView class="oracle.dbtools.crest.swingui.logical.TVEntity" oid="7B8F28AC-967F-54FF-236C-865D5B02D6EC" otype="Entity" vid="AFF754F4-16A8-518C-F90F-437BFDC32E1B">
<hideElementsInCurrentOnly>false</hideElementsInCurrentOnly>
<bounds x="556" y="740" width="203" height="108"/>
</OView>
<OView class="oracle.dbtools.crest.swingui.logical.TVEntity" oid="CFA86951-ADDB-7750-4D8E-66C0ED4C17B4" otype="Entity" vid="C3ED54EF-24F2-2E11-E5B8-73C15EDF0179">
<hideElementsInCurrentOnly>false</hideElementsInCurrentOnly>
<bounds x="993" y="635" width="170" height="133"/>
</OView>
<OView class="oracle.dbtools.crest.swingui.TVLegend" oid="EFCD1A4E-F8F2-1D9A-9C56-DFEA408F1BE3" otype="Legend" vid="9A33C5A5-32AB-B6A5-94BD-ECB085A3D03B">
<hideElementsInCurrentOnly>false</hideElementsInCurrentOnly>
<bounds x="181" y="105" width="298" height="135"/>
</OView>
<OView class="oracle.dbtools.crest.swingui.TVNote" oid="FF9514C9-E517-771C-1F94-E6CE52594EBB" otype="Note" vid="E7D6A787-1F50-2408-78DB-7BF5C764F600">
<hideElementsInCurrentOnly>false</hideElementsInCurrentOnly>
<bounds x="-138" y="956" width="121" height="85"/>
<useDefaultColor>false</useDefaultColor>
<backgroundColor>-103</backgroundColor>
<foregroundColor>-16777216</foregroundColor>
<comment>gallery_id not needed in ARTWORK but dont know how to remove..</comment>
</OView>
</objectViews>
<connectors>
<Connector class="oracle.dbtools.crest.swingui.logical.TVRelation" oid="147FBA99-F8DF-25C1-AE2C-54DC65B633FD" otype="Relation" vid_source="54D89370-691A-C2FE-815C-1C013E0AD99E" vid_target="78C2CA08-3A93-545F-5AB5-2DC7E13DD786">
<hideElementsInCurrentOnly>false</hideElementsInCurrentOnly>
<backgroundColor>-16777216</backgroundColor>
<lineWidth>1</lineWidth>
<sourceLabel class="oracle.dbtools.crest.model.design.Label">
<site>0</site>
<labelBounds x="669" y="294" width="49" height="29"/>
<noBackgroundColor>true</noBackgroundColor>
<noForegroundColor>true</noForegroundColor>
</sourceLabel>
<targetLabel class="oracle.dbtools.crest.model.design.Label">
<site>2</site>
<labelBounds x="669" y="322" width="18" height="30"/>
<noBackgroundColor>true</noBackgroundColor>
<noForegroundColor>true</noForegroundColor>
</targetLabel>
<points>
<point x="669" y="259"/>
<point x="669" y="358"/>
</points>
</Connector>
<Connector class="oracle.dbtools.crest.swingui.logical.TVRelation" oid="19855D22-BA99-D60D-296B-0201D18D816E" otype="Relation" vid_source="195A91F5-20F9-4757-4851-50F0A78CA459" vid_target="C3ED54EF-24F2-2E11-E5B8-73C15EDF0179">
<hideElementsInCurrentOnly>false</hideElementsInCurrentOnly>
<backgroundColor>-16777216</backgroundColor>
<lineWidth>1</lineWidth>
<sourceLabel class="oracle.dbtools.crest.model.design.Label">
<site>0</site>
<labelBounds x="1078" y="866" width="85" height="30"/>
<noBackgroundColor>true</noBackgroundColor>
<noForegroundColor>true</noForegroundColor>
</sourceLabel>
<targetLabel class="oracle.dbtools.crest.model.design.Label">
<site>2</site>
<labelBounds x="1078" y="804" width="18" height="30"/>
<noBackgroundColor>true</noBackgroundColor>
<noForegroundColor>true</noForegroundColor>
</targetLabel>
<points>
<point x="1078" y="902"/>
<point x="1078" y="768"/>
</points>
</Connector>
<Connector class="oracle.dbtools.crest.swingui.logical.TVRelation" oid="350C4300-B0BC-0D7F-D204-B58028E3988D" otype="Relation" vid_source="54D89370-691A-C2FE-815C-1C013E0AD99E" vid_target="54D89370-691A-C2FE-815C-1C013E0AD99E">
<hideElementsInCurrentOnly>false</hideElementsInCurrentOnly>
<backgroundColor>-16777216</backgroundColor>
<lineWidth>1</lineWidth>
<sourceLabel class="oracle.dbtools.crest.model.design.Label">
<site>0</site>
<labelBounds x="801" y="115" width="76" height="30"/>
<noBackgroundColor>true</noBackgroundColor>
<noForegroundColor>true</noForegroundColor>
</sourceLabel>
<targetLabel class="oracle.dbtools.crest.model.design.Label">
<site>2</site>
<labelBounds x="761" y="174" width="18" height="30"/>
<noBackgroundColor>true</noBackgroundColor>
<noForegroundColor>true</noForegroundColor>
</targetLabel>
<points>
<point x="756" y="130"/>
<point x="801" y="130"/>
<point x="801" y="185"/>
<point x="761" y="184"/>
<point x="756" y="184"/>
</points>
</Connector>
<Connector class="oracle.dbtools.crest.swingui.logical.TVRelation" oid="39C8342F-184F-C821-F5D0-13014A60571D" otype="Relation" vid_source="78C2CA08-3A93-545F-5AB5-2DC7E13DD786" vid_target="C6268409-2101-835A-37B1-6C599424D1E4">
<hideElementsInCurrentOnly>false</hideElementsInCurrentOnly>
<backgroundColor>-16777216</backgroundColor>
<lineWidth>1</lineWidth>
<sourceLabel class="oracle.dbtools.crest.model.design.Label">
<site>0</site>
<labelBounds x="545" y="475" width="31" height="30"/>
<noBackgroundColor>true</noBackgroundColor>
<noForegroundColor>true</noForegroundColor>
</sourceLabel>
<targetLabel class="oracle.dbtools.crest.model.design.Label">
<site>2</site>
<labelBounds x="400" y="508" width="18" height="30"/>
<noBackgroundColor>true</noBackgroundColor>
<noForegroundColor>true</noForegroundColor>
</targetLabel>
<points>
<point x="582" y="505"/>
<point x="390" y="505"/>
</points>
</Connector>
<Connector class="oracle.dbtools.crest.swingui.logical.TVRelation" oid="48A017F6-E08A-5887-48E5-FB562200419A" otype="Relation" vid_source="78C2CA08-3A93-545F-5AB5-2DC7E13DD786" vid_target="AFF754F4-16A8-518C-F90F-437BFDC32E1B">
<hideElementsInCurrentOnly>false</hideElementsInCurrentOnly>
<backgroundColor>-16777216</backgroundColor>
<lineWidth>1</lineWidth>
<sourceLabel class="oracle.dbtools.crest.model.design.Label">
<site>0</site>
<labelBounds x="649" y="618" width="31" height="33"/>
<noBackgroundColor>true</noBackgroundColor>
<noForegroundColor>true</noForegroundColor>
</sourceLabel>
<targetLabel class="oracle.dbtools.crest.model.design.Label">
<site>2</site>
<labelBounds x="649" y="704" width="18" height="30"/>
<noBackgroundColor>true</noBackgroundColor>
<noForegroundColor>true</noForegroundColor>
</targetLabel>
<points>
<point x="649" y="563"/>
<point x="649" y="668"/>
<point x="649" y="740"/>
</points>
</Connector>
<Connector class="oracle.dbtools.crest.swingui.logical.TVRelation" oid="5C1E2A42-9E29-C752-3765-D123AC0B8613" otype="Relation" vid_source="78C2CA08-3A93-545F-5AB5-2DC7E13DD786" vid_target="BF685E39-A2A8-64D4-281E-83E326EB1084">
<hideElementsInCurrentOnly>false</hideElementsInCurrentOnly>
<backgroundColor>-16777216</backgroundColor>
<lineWidth>1</lineWidth>
<sourceLabel class="oracle.dbtools.crest.model.design.Label">
<site>0</site>
<labelBounds x="545" y="353" width="31" height="30"/>
<noBackgroundColor>true</noBackgroundColor>
<noForegroundColor>true</noForegroundColor>
</sourceLabel>
<targetLabel class="oracle.dbtools.crest.model.design.Label">
<site>2</site>
<labelBounds x="404" y="386" width="18" height="30"/>
<noBackgroundColor>true</noBackgroundColor>
<noForegroundColor>true</noForegroundColor>
</targetLabel>
<points>
<point x="582" y="383"/>
<point x="394" y="383"/>
</points>
</Connector>
<Connector class="oracle.dbtools.crest.swingui.logical.TVRelation" oid="922B3331-C5D2-FE77-DBFA-139BD1D995D5" otype="Relation" vid_source="4A6DE312-0E20-00FD-9950-82593A5902DA" vid_target="DF546E92-5248-5981-56B4-0F2EA82D38BE">
<hideElementsInCurrentOnly>false</hideElementsInCurrentOnly>
<backgroundColor>-16777216</backgroundColor>
<lineWidth>1</lineWidth>
<sourceLabel class="oracle.dbtools.crest.model.design.Label">
<site>0</site>
<labelBounds x="1294" y="443" width="77" height="17"/>
<noBackgroundColor>true</noBackgroundColor>
<noForegroundColor>true</noForegroundColor>
</sourceLabel>
<targetLabel class="oracle.dbtools.crest.model.design.Label">
<site>2</site>
<labelBounds x="1168" y="463" width="81" height="21"/>
<noBackgroundColor>true</noBackgroundColor>
<noForegroundColor>true</noForegroundColor>
</targetLabel>
<points>
<point x="1377" y="460"/>
<point x="1158" y="460"/>
</points>
</Connector>
<Connector class="oracle.dbtools.crest.swingui.logical.TVRelation" oid="9E6D4B30-64F9-4511-0BA2-3E415EDB4138" otype="Relation" vid_source="DF546E92-5248-5981-56B4-0F2EA82D38BE" vid_target="C3ED54EF-24F2-2E11-E5B8-73C15EDF0179">
<hideElementsInCurrentOnly>false</hideElementsInCurrentOnly>
<backgroundColor>-16777216</backgroundColor>
<lineWidth>1</lineWidth>
<sourceLabel class="oracle.dbtools.crest.model.design.Label">
<site>0</site>
<labelBounds x="1075" y="581" width="61" height="30"/>
<noBackgroundColor>true</noBackgroundColor>
<noForegroundColor>true</noForegroundColor>
</sourceLabel>
<targetLabel class="oracle.dbtools.crest.model.design.Label">
<site>2</site>
<labelBounds x="1075" y="578" width="17" height="43"/>
<noBackgroundColor>true</noBackgroundColor>
<noForegroundColor>true</noForegroundColor>
</targetLabel>
<points>
<point x="1075" y="537"/>
<point x="1075" y="635"/>
</points>
</Connector>
<Connector class="oracle.dbtools.crest.swingui.logical.TVRelation" oid="CDD84001-0DAE-1AC1-E4F4-FE94B18DE0EB" otype="Relation" vid_source="DF546E92-5248-5981-56B4-0F2EA82D38BE" vid_target="78C2CA08-3A93-545F-5AB5-2DC7E13DD786">
<hideElementsInCurrentOnly>false</hideElementsInCurrentOnly>
<backgroundColor>-16777216</backgroundColor>
<lineWidth>1</lineWidth>
<sourceLabel class="oracle.dbtools.crest.model.design.Label">
<site>0</site>
<labelBounds x="890" y="440" width="86" height="21"/>
<noBackgroundColor>true</noBackgroundColor>
<noForegroundColor>true</noForegroundColor>
</sourceLabel>
<targetLabel class="oracle.dbtools.crest.model.design.Label">
<site>2</site>
<labelBounds x="762" y="464" width="85" height="30"/>
<noBackgroundColor>true</noBackgroundColor>
<noForegroundColor>true</noForegroundColor>
</targetLabel>
<points>
<point x="982" y="461"/>
<point x="931" y="461"/>
<point x="752" y="461"/>
</points>
</Connector>
</connectors>
</Diagram>
