<?xml version = '1.0' encoding = 'UTF-8'?>
<FKIndexAssociation class="oracle.dbtools.crest.model.design.relational.FKIndexAssociation" directorySegmentName="seg_0" id="2352854B-49D3-DEA3-B834-E7DC04B68F3B" containerWithKeyObject="5ED5B125-26FD-5FDA-17E7-3E68483FA36D" localFKIndex="51B20D84-0273-B1DA-04F8-8438669FBB85" name="customer_sale">
<createdBy>vkis0001</createdBy>
<createdTime>2023-11-22 08:45:58 UTC</createdTime>
<generatorID>19855D22-BA99-D60D-296B-0201D18D816E</generatorID>
<ownerDesignName>mau_logical</ownerDesignName>
<referredTableLongName>CUSTOMER</referredTableLongName>
<deleteRule>NO ACTION</deleteRule>
<referredTableID>30FA76FD-9126-B769-8333-852C1952DBAC</referredTableID>
<keyObject>B0A91647-F2E5-DE0E-EE0E-D86B07C59156</keyObject>
<referredKeyID>B0A91647-F2E5-DE0E-EE0E-D86B07C59156</referredKeyID>
<mandatory>true</mandatory>
<refColNames>customer_id</refColNames>
<transferable>true</transferable>
<rely>false</rely>
<columnDependencyConstraintGenerateInDDL>true</columnDependencyConstraintGenerateInDDL>
</FKIndexAssociation>
