<?xml version = '1.0' encoding = 'UTF-8'?>
<FKIndexAssociation class="oracle.dbtools.crest.model.design.relational.FKIndexAssociation" directorySegmentName="seg_0" id="5F8A6987-1473-9574-7D93-75BC71F9A74E" containerWithKeyObject="CA168809-8C1C-4B62-20A0-537E77D5DB0A" localFKIndex="B1AEACF9-D086-F01E-57DE-6741E4DE149C" name="artwork_media">
<createdBy>vkis0001</createdBy>
<createdTime>2023-11-22 08:45:58 UTC</createdTime>
<generatorID>5C1E2A42-9E29-C752-3765-D123AC0B8613</generatorID>
<ownerDesignName>mau_logical</ownerDesignName>
<referredTableLongName>ARTWORK_MEDIA</referredTableLongName>
<deleteRule>NO ACTION</deleteRule>
<referredTableID>DF40628D-3C09-5787-4893-AF9F600C4D38</referredTableID>
<keyObject>4007E240-EB30-6790-15BD-F26F16E9A41A</keyObject>
<referredKeyID>4007E240-EB30-6790-15BD-F26F16E9A41A</referredKeyID>
<mandatory>true</mandatory>
<refColNames>awmedia_id</refColNames>
<transferable>true</transferable>
<rely>false</rely>
<columnDependencyConstraintGenerateInDDL>true</columnDependencyConstraintGenerateInDDL>
</FKIndexAssociation>
