<?xml version = '1.0' encoding = 'UTF-8'?>
<FKIndexAssociation class="oracle.dbtools.crest.model.design.relational.FKIndexAssociation" directorySegmentName="seg_0" id="6CDD78F4-3758-C172-D536-D73BF9F042A8" containerWithKeyObject="983A4DF7-CBAC-231D-5644-52B5789F6D56" localFKIndex="5DEDB99A-44E9-4C0A-9CFB-D43574F07A25" name="artist_artist">
<createdBy>vkis0001</createdBy>
<createdTime>2023-11-22 08:45:58 UTC</createdTime>
<generatorID>350C4300-B0BC-0D7F-D204-B58028E3988D</generatorID>
<ownerDesignName>mau_logical</ownerDesignName>
<referredTableLongName>ARTIST</referredTableLongName>
<deleteRule>NO ACTION</deleteRule>
<referredTableID>983A4DF7-CBAC-231D-5644-52B5789F6D56</referredTableID>
<keyObject>FCB3981A-45B9-AC08-460F-B171543E93BC</keyObject>
<referredKeyID>FCB3981A-45B9-AC08-460F-B171543E93BC</referredKeyID>
<mandatory>true</mandatory>
<refColNames>artist_code</refColNames>
<transferable>true</transferable>
<rely>false</rely>
<columnDependencyConstraintGenerateInDDL>true</columnDependencyConstraintGenerateInDDL>
</FKIndexAssociation>
