<?xml version = '1.0' encoding = 'UTF-8'?>
<FKIndexAssociation class="oracle.dbtools.crest.model.design.relational.FKIndexAssociation" directorySegmentName="seg_0" id="6E3F6759-4C64-32B1-926D-86743D7DCE5C" containerWithKeyObject="BD81893D-7904-4BF7-0621-F45CED25A085" localFKIndex="4432C446-D15F-35D0-534A-9B59F68EBCE0" name="artwork_status">
<createdBy>vkis0001</createdBy>
<createdTime>2023-11-22 08:45:58 UTC</createdTime>
<generatorID>48A017F6-E08A-5887-48E5-FB562200419A</generatorID>
<ownerDesignName>mau_logical</ownerDesignName>
<referredTableLongName>ARTWORK</referredTableLongName>
<deleteRule>NO ACTION</deleteRule>
<referredTableID>CA168809-8C1C-4B62-20A0-537E77D5DB0A</referredTableID>
<keyObject>EA32DA00-7AC4-C08A-566D-BC8CD6F59CD3</keyObject>
<referredKeyID>EA32DA00-7AC4-C08A-566D-BC8CD6F59CD3</referredKeyID>
<mandatory>true</mandatory>
<refColNames>artwork_code</refColNames>
<transferable>true</transferable>
<rely>false</rely>
<columnDependencyConstraintGenerateInDDL>true</columnDependencyConstraintGenerateInDDL>
</FKIndexAssociation>
