<?xml version = '1.0' encoding = 'UTF-8'?>
<FKIndexAssociation class="oracle.dbtools.crest.model.design.relational.FKIndexAssociation" directorySegmentName="seg_0" id="76111A95-C2A6-AD56-3F1B-58B24C31430F" containerWithKeyObject="D1375DDB-1A2A-7264-6FA5-01379B408662" localFKIndex="774B6444-D052-0FEE-9396-DA3D0F4C20F9" name="gallery_exhibit">
<createdBy>vkis0001</createdBy>
<createdTime>2023-11-22 08:45:58 UTC</createdTime>
<generatorID>922B3331-C5D2-FE77-DBFA-139BD1D995D5</generatorID>
<ownerDesignName>mau_logical</ownerDesignName>
<referredTableLongName>GALLERY</referredTableLongName>
<deleteRule>NO ACTION</deleteRule>
<referredTableID>680EBA44-32C9-8F32-8603-81F082064219</referredTableID>
<keyObject>264BFF34-BFBE-4BB9-AACA-CB30F9FF7608</keyObject>
<referredKeyID>264BFF34-BFBE-4BB9-AACA-CB30F9FF7608</referredKeyID>
<mandatory>true</mandatory>
<refColNames>gal_id</refColNames>
<transferable>true</transferable>
<rely>false</rely>
<columnDependencyConstraintGenerateInDDL>true</columnDependencyConstraintGenerateInDDL>
</FKIndexAssociation>
