<?xml version = '1.0' encoding = 'UTF-8'?>
<FKIndexAssociation class="oracle.dbtools.crest.model.design.relational.FKIndexAssociation" directorySegmentName="seg_0" id="7E315069-67B8-7628-FA41-2FE653EF45BD" containerWithKeyObject="5ED5B125-26FD-5FDA-17E7-3E68483FA36D" localFKIndex="E2CF63CD-921E-8464-4BEF-94789AB4FE01" name="exhibit_sale">
<createdBy>vkis0001</createdBy>
<createdTime>2023-11-22 08:45:58 UTC</createdTime>
<generatorID>9E6D4B30-64F9-4511-0BA2-3E415EDB4138</generatorID>
<ownerDesignName>mau_logical</ownerDesignName>
<referredTableLongName>EXHIBIT</referredTableLongName>
<deleteRule>NO ACTION</deleteRule>
<referredTableID>D1375DDB-1A2A-7264-6FA5-01379B408662</referredTableID>
<keyObject>8A2E0E5E-09F5-F333-F572-0CB5A4A6662E</keyObject>
<referredKeyID>8A2E0E5E-09F5-F333-F572-0CB5A4A6662E</referredKeyID>
<mandatory>true</mandatory>
<refColNames>exhibit_id</refColNames>
<transferable>true</transferable>
<rely>false</rely>
<columnDependencyConstraintGenerateInDDL>true</columnDependencyConstraintGenerateInDDL>
</FKIndexAssociation>
