<?xml version = '1.0' encoding = 'UTF-8'?>
<FKIndexAssociation class="oracle.dbtools.crest.model.design.relational.FKIndexAssociation" directorySegmentName="seg_0" id="7F6D73A7-B4E3-47ED-54B8-DA53F29588B2" containerWithKeyObject="CA168809-8C1C-4B62-20A0-537E77D5DB0A" localFKIndex="AA5485A1-6FCE-4B14-672D-B9D8F96FD90B" name="artist_artwork">
<createdBy>vkis0001</createdBy>
<createdTime>2023-11-22 08:45:58 UTC</createdTime>
<generatorID>147FBA99-F8DF-25C1-AE2C-54DC65B633FD</generatorID>
<ownerDesignName>mau_logical</ownerDesignName>
<referredTableLongName>ARTIST</referredTableLongName>
<deleteRule>NO ACTION</deleteRule>
<referredTableID>983A4DF7-CBAC-231D-5644-52B5789F6D56</referredTableID>
<keyObject>FCB3981A-45B9-AC08-460F-B171543E93BC</keyObject>
<referredKeyID>FCB3981A-45B9-AC08-460F-B171543E93BC</referredKeyID>
<mandatory>true</mandatory>
<refColNames>artist_code</refColNames>
<transferable>true</transferable>
<rely>false</rely>
<columnDependencyConstraintGenerateInDDL>true</columnDependencyConstraintGenerateInDDL>
</FKIndexAssociation>
