<?xml version = '1.0' encoding = 'UTF-8'?>
<FKIndexAssociation class="oracle.dbtools.crest.model.design.relational.FKIndexAssociation" directorySegmentName="seg_0" id="C02D81E1-E64D-C7C2-998F-02B771467E82" containerWithKeyObject="CA168809-8C1C-4B62-20A0-537E77D5DB0A" localFKIndex="29C1AF33-B87D-49C8-0F99-F4EB43E3538F" name="artwork_style">
<createdBy>vkis0001</createdBy>
<createdTime>2023-11-22 08:45:58 UTC</createdTime>
<generatorID>39C8342F-184F-C821-F5D0-13014A60571D</generatorID>
<ownerDesignName>mau_logical</ownerDesignName>
<referredTableLongName>ARTWORK_STYLE</referredTableLongName>
<deleteRule>NO ACTION</deleteRule>
<referredTableID>B3E21290-B0ED-4263-A950-D07C6E3B90C8</referredTableID>
<keyObject>F0E710AD-6C6B-86CB-01AA-65E8058ED35B</keyObject>
<referredKeyID>F0E710AD-6C6B-86CB-01AA-65E8058ED35B</referredKeyID>
<mandatory>true</mandatory>
<refColNames>awstyle_id</refColNames>
<transferable>true</transferable>
<rely>false</rely>
<columnDependencyConstraintGenerateInDDL>true</columnDependencyConstraintGenerateInDDL>
</FKIndexAssociation>
