<?xml version = '1.0' encoding = 'UTF-8'?>
<FKIndexAssociation class="oracle.dbtools.crest.model.design.relational.FKIndexAssociation" directorySegmentName="seg_0" id="FCF4A7DC-CD7F-141A-82BB-2CED050CA2EC" containerWithKeyObject="D1375DDB-1A2A-7264-6FA5-01379B408662" localFKIndex="19E026A3-4122-FEEC-6D1E-E08D8699BD2F" name="exhibit_artwork">
<createdBy>vkis0001</createdBy>
<createdTime>2023-11-22 08:45:58 UTC</createdTime>
<generatorID>CDD84001-0DAE-1AC1-E4F4-FE94B18DE0EB</generatorID>
<ownerDesignName>mau_logical</ownerDesignName>
<referredTableLongName>ARTWORK</referredTableLongName>
<deleteRule>NO ACTION</deleteRule>
<referredTableID>CA168809-8C1C-4B62-20A0-537E77D5DB0A</referredTableID>
<keyObject>EA32DA00-7AC4-C08A-566D-BC8CD6F59CD3</keyObject>
<referredKeyID>EA32DA00-7AC4-C08A-566D-BC8CD6F59CD3</referredKeyID>
<mandatory>true</mandatory>
<refColNames>artwork_code</refColNames>
<transferable>true</transferable>
<rely>false</rely>
<columnDependencyConstraintGenerateInDDL>true</columnDependencyConstraintGenerateInDDL>
</FKIndexAssociation>
